Date,equity,regime,drawdown_pct
2021-08-25,999764.79,,0.0
2021-08-26,999764.79,,0.0
2021-08-27,999764.79,,0.0
2021-08-30,999764.79,,0.0
2021-08-31,999764.79,,0.0
2021-09-01,999764.79,,0.0
2021-09-02,999764.79,,0.0
2021-09-03,999764.79,,0.0
2021-09-06,999764.79,,0.0
2021-09-07,999764.79,,0.0
2021-09-08,999764.79,,0.0
2021-09-09,999764.79,,0.0
2021-09-13,999764.79,,0.0
2021-09-14,999764.79,,0.0
2021-09-15,999764.79,,0.0
2021-09-16,999764.79,,0.0
2021-09-17,999764.79,,0.0
2021-09-20,999764.79,,0.0
2021-09-21,999764.79,,0.0
2021-09-22,999764.79,,0.0
2021-09-23,999764.79,,0.0
2021-09-24,999764.79,,0.0
2021-09-27,999764.79,,0.0
2021-09-28,999764.79,,0.0
2021-09-29,999764.79,,0.0
2021-09-30,999764.79,,0.0
2021-10-01,999764.79,,0.0
2021-10-04,999764.79,,0.0
2021-10-05,999764.79,,0.0
2021-10-06,999764.79,,0.0
2021-10-07,999764.79,,0.0
2021-10-08,999764.79,,0.0
2021-10-11,999764.79,,0.0
2021-10-12,999764.79,,0.0
2021-10-13,999764.79,,0.0
2021-10-14,999764.79,,0.0
2021-10-18,999764.79,,0.0
2021-10-19,999764.79,,0.0
2021-10-20,999764.79,,0.0
2021-10-21,999764.79,,0.0
2021-10-22,999764.79,,0.0
2021-10-25,999764.79,,0.0
2021-10-26,999764.79,,0.0
2021-10-27,999764.79,,0.0
2021-10-28,999764.79,,0.0
2021-10-29,999764.79,,0.0
2021-11-01,999764.79,,0.0
2021-11-02,999764.79,,0.0
2021-11-03,999764.79,,0.0
2021-11-04,999764.79,,0.0
2021-11-08,999764.79,,0.0
2021-11-09,999764.79,,0.0
2021-11-10,999764.79,,0.0
2021-11-11,999764.79,,0.0
2021-11-12,999764.79,,0.0
2021-11-15,999764.79,,0.0
2021-11-16,999764.79,,0.0
2021-11-17,999764.79,,0.0
2021-11-18,999764.79,,0.0
2021-11-22,999764.79,,0.0
2021-11-23,999764.79,,0.0
2021-11-24,999764.79,,0.0
2021-11-25,999764.79,,0.0
2021-11-26,999764.79,,0.0
2021-11-29,999764.79,,0.0
2021-11-30,999764.79,,0.0
2021-12-01,999764.79,,0.0
2021-12-02,999764.79,,0.0
2021-12-03,999764.79,,0.0
2021-12-06,999764.79,,0.0
2021-12-07,999764.79,,0.0
2021-12-08,999764.79,,0.0
2021-12-09,999764.79,,0.0
2021-12-10,999764.79,,0.0
2021-12-13,999764.79,,0.0
2021-12-14,999764.79,,0.0
2021-12-15,999764.79,,0.0
2021-12-16,999764.79,,0.0
2021-12-17,999764.79,,0.0
2021-12-20,999764.79,,0.0
2021-12-21,999764.79,,0.0
2021-12-22,999764.79,,0.0
2021-12-23,999764.79,,0.0
2021-12-24,999764.79,,0.0
2021-12-27,999764.79,,0.0
2021-12-28,999764.79,,0.0
2021-12-29,999764.79,,0.0
2021-12-30,999764.79,,0.0
2021-12-31,999764.79,,0.0
2022-01-03,999764.79,,0.0
2022-01-04,999764.79,,0.0
2022-01-05,999764.79,,0.0
2022-01-06,999764.79,,0.0
2022-01-07,999764.79,,0.0
2022-01-10,999764.79,,0.0
2022-01-11,999764.79,,0.0
2022-01-12,999764.79,,0.0
2022-01-13,999764.79,,0.0
2022-01-14,999764.79,,0.0
2022-01-17,999764.79,,0.0
2022-01-18,999764.79,,0.0
2022-01-19,999764.79,,0.0
2022-01-20,999764.79,,0.0
2022-01-21,999764.79,,0.0
2022-01-24,999764.79,,0.0
2022-01-25,999764.79,,0.0
2022-01-27,999764.79,,0.0
2022-01-28,999764.79,,0.0
2022-01-31,999764.79,,0.0
2022-02-01,999764.79,,0.0
2022-02-02,999764.79,,0.0
2022-02-03,999764.79,,0.0
2022-02-04,999764.79,,0.0
2022-02-07,999764.79,,0.0
2022-02-08,999764.79,,0.0
2022-02-09,999764.79,,0.0
2022-02-10,999764.79,,0.0
2022-02-11,999764.79,,0.0
2022-02-14,999764.79,,0.0
2022-02-15,999764.79,,0.0
2022-02-16,999764.79,,0.0
2022-02-17,999764.79,,0.0
2022-02-18,999764.79,,0.0
2022-02-21,999764.79,,0.0
2022-02-22,999764.79,,0.0
2022-02-23,999764.79,,0.0
2022-02-24,999764.79,,0.0
2022-02-25,999764.79,,0.0
2022-02-28,999764.79,,0.0
2022-03-02,999764.79,,0.0
2022-03-03,999764.79,,0.0
2022-03-04,999764.79,,0.0
2022-03-07,999764.79,,0.0
2022-03-08,999764.79,,0.0
2022-03-09,999764.79,,0.0
2022-03-10,999764.79,,0.0
2022-03-11,999764.79,,0.0
2022-03-14,999764.79,,0.0
2022-03-15,999764.79,,0.0
2022-03-16,999764.79,,0.0
2022-03-17,999764.79,,0.0
2022-03-21,999764.79,,0.0
2022-03-22,999764.79,,0.0
2022-03-23,999764.79,,0.0
2022-03-24,999764.79,,0.0
2022-03-25,999764.79,,0.0
2022-03-28,999764.79,,0.0
2022-03-29,999764.79,,0.0
2022-03-30,999764.79,,0.0
2022-03-31,999764.79,,0.0
2022-04-01,999764.79,,0.0
2022-04-04,999764.79,,0.0
2022-04-05,999764.79,,0.0
2022-04-06,999764.79,,0.0
2022-04-07,999764.79,,0.0
2022-04-08,999764.79,,0.0
2022-04-11,999764.79,,0.0
2022-04-12,999764.79,,0.0
2022-04-13,999764.79,,0.0
2022-04-18,999764.79,,0.0
2022-04-19,999764.79,,0.0
2022-04-20,999764.79,,0.0
2022-04-21,999764.79,,0.0
2022-04-22,999764.79,,0.0
2022-04-25,999764.79,,0.0
2022-04-26,999764.79,,0.0
2022-04-27,999764.79,,0.0
2022-04-28,999764.79,,0.0
2022-04-29,999764.79,,0.0
2022-05-02,999764.79,,0.0
2022-05-04,999764.79,,0.0
2022-05-05,999764.79,,0.0
2022-05-06,999764.79,,0.0
2022-05-09,999764.79,,0.0
2022-05-10,999764.79,,0.0
2022-05-11,999764.79,,0.0
2022-05-12,999764.79,,0.0
2022-05-13,999764.79,,0.0
2022-05-16,999764.79,,0.0
2022-05-17,999764.79,,0.0
2022-05-18,999764.79,,0.0
2022-05-19,999764.79,,0.0
2022-05-20,999764.79,,0.0
2022-05-23,999764.79,,0.0
2022-05-24,999764.79,,0.0
2022-05-25,999764.79,,0.0
2022-05-26,999764.79,,0.0
2022-05-27,999764.79,,0.0
2022-05-30,999764.79,,0.0
2022-05-31,999764.79,,0.0
2022-06-01,999764.79,,0.0
2022-06-02,999764.79,,0.0
2022-06-03,999764.79,,0.0
2022-06-06,999764.79,,0.0
2022-06-07,999764.79,,0.0
2022-06-08,999764.79,,0.0
2022-06-09,999764.79,,0.0
2022-06-10,999764.79,,0.0
2022-06-13,999764.79,,0.0
2022-06-14,999764.79,,0.0
2022-06-15,999764.79,,0.0
2022-06-16,999764.79,,0.0
2022-06-17,999764.79,,0.0
2022-06-20,999764.79,,0.0
2022-06-21,999764.79,,0.0
2022-06-22,999764.79,,0.0
2022-06-23,999764.79,,0.0
2022-06-24,999764.79,,0.0
2022-06-27,999764.79,,0.0
2022-06-28,999764.79,,0.0
2022-06-29,999764.79,,0.0
2022-06-30,999764.79,,0.0
2022-07-01,999764.79,,0.0
2022-07-04,999764.79,,0.0
2022-07-05,999764.79,,0.0
2022-07-06,999764.79,,0.0
2022-07-07,999764.79,,0.0
2022-07-08,999764.79,,0.0
2022-07-11,999764.79,,0.0
2022-07-12,999764.79,,0.0
2022-07-13,999764.79,,0.0
2022-07-14,999764.79,,0.0
2022-07-15,999764.79,,0.0
2022-07-18,999764.79,,0.0
2022-07-19,999764.79,,0.0
2022-07-20,999764.79,,0.0
2022-07-21,999764.79,,0.0
2022-07-22,999764.79,,0.0
2022-07-25,999764.79,,0.0
2022-07-26,999764.79,,0.0
2022-07-27,999764.79,,0.0
2022-07-28,999764.79,,0.0
2022-07-29,999764.79,,0.0
2022-08-01,999764.79,,0.0
2022-08-02,999764.79,,0.0
2022-08-03,999764.79,,0.0
2022-08-04,999764.79,,0.0
2022-08-05,999764.79,,0.0
2022-08-08,999764.79,,0.0
2022-08-10,999764.79,,0.0
2022-08-11,999764.79,,0.0
2022-08-12,999764.79,,0.0
2022-08-16,999764.79,,0.0
2022-08-17,999764.79,,0.0
2022-08-18,999764.79,,0.0
2022-08-19,999764.79,,0.0
2022-08-22,999764.79,,0.0
2022-08-23,999764.79,,0.0
2022-08-24,999764.79,,0.0
2022-08-25,999764.79,,0.0
2022-08-26,999764.79,,0.0
2022-08-29,999764.79,,0.0
2022-08-30,999764.79,RISK_ON,0.0
2022-09-01,999764.79,RISK_ON,0.0
2022-09-02,999764.79,RISK_ON,0.0
2022-09-05,999764.79,RISK_ON,0.0
2022-09-06,999764.79,RISK_ON,0.0
2022-09-07,999764.79,RISK_ON,0.0
2022-09-08,999764.79,RISK_ON,0.0
2022-09-09,999764.79,RISK_ON,0.0
2022-09-12,999764.79,RISK_ON,0.0
2022-09-13,999764.79,RISK_ON,0.0
2022-09-14,999764.79,RISK_ON,0.0
2022-09-15,999764.79,RISK_ON,0.0
2022-09-16,999764.79,RISK_ON,0.0
2022-09-19,999764.79,RISK_ON,0.0
2022-09-20,999764.79,RISK_ON,0.0
2022-09-21,999764.79,RISK_ON,0.0
2022-09-22,999764.79,RISK_ON,0.0
2022-09-23,999764.79,RISK_ON,0.0
2022-09-26,999764.79,RISK_ON,0.0
2022-09-27,999764.79,RISK_ON,0.0
2022-09-28,999764.79,RISK_ON,0.0
2022-09-29,999764.79,RISK_ON,0.0
2022-09-30,978432.43,RISK_ON,-2.1337378764859305
2022-10-03,978432.43,RISK_ON,-2.1337378764859305
2022-10-04,978432.43,RISK_ON,-2.1337378764859305
2022-10-06,978432.43,RISK_ON,-2.1337378764859305
2022-10-07,978432.43,RISK_ON,-2.1337378764859305
2022-10-10,978432.43,RISK_ON,-2.1337378764859305
2022-10-11,978432.43,RISK_ON,-2.1337378764859305
2022-10-12,978432.43,RISK_ON,-2.1337378764859305
2022-10-13,978432.43,RISK_ON,-2.1337378764859305
2022-10-14,978432.43,RISK_ON,-2.1337378764859305
2022-10-17,978432.43,RISK_ON,-2.1337378764859305
2022-10-18,978432.43,RISK_ON,-2.1337378764859305
2022-10-19,978432.43,RISK_ON,-2.1337378764859305
2022-10-20,978432.43,RISK_ON,-2.1337378764859305
2022-10-21,978432.43,RISK_ON,-2.1337378764859305
2022-10-24,978432.43,RISK_ON,-2.1337378764859305
2022-10-25,978432.43,RISK_ON,-2.1337378764859305
2022-10-27,978432.43,RISK_ON,-2.1337378764859305
2022-10-28,978432.43,RISK_ON,-2.1337378764859305
2022-10-31,1029716.87,RISK_ON,0.0
2022-11-01,1029716.87,RISK_ON,0.0
2022-11-02,1029716.87,RISK_ON,0.0
2022-11-03,1029716.87,RISK_ON,0.0
2022-11-04,1029716.87,RISK_ON,0.0
2022-11-07,1029716.87,RISK_ON,0.0
2022-11-09,1029716.87,RISK_ON,0.0
2022-11-10,1029716.87,RISK_ON,0.0
2022-11-11,1029716.87,RISK_ON,0.0
2022-11-14,1029716.87,RISK_ON,0.0
2022-11-15,1029716.87,RISK_ON,0.0
2022-11-16,1029716.87,RISK_ON,0.0
2022-11-17,1029716.87,RISK_ON,0.0
2022-11-18,1029716.87,RISK_ON,0.0
2022-11-21,1029716.87,RISK_ON,0.0
2022-11-22,1029716.87,RISK_ON,0.0
2022-11-23,1029716.87,RISK_ON,0.0
2022-11-24,1029716.87,RISK_ON,0.0
2022-11-25,1029716.87,RISK_ON,0.0
2022-11-28,1029716.87,RISK_ON,0.0
2022-11-29,1029716.87,RISK_ON,0.0
2022-11-30,1056369.12,RISK_ON,0.0
2022-12-01,1056369.12,RISK_ON,0.0
2022-12-02,1056369.12,RISK_ON,0.0
2022-12-05,1056369.12,RISK_ON,0.0
2022-12-06,1056369.12,RISK_ON,0.0
2022-12-07,1056369.12,RISK_ON,0.0
2022-12-08,1056369.12,RISK_ON,0.0
2022-12-09,1056369.12,RISK_ON,0.0
2022-12-12,1056369.12,RISK_ON,0.0
2022-12-13,1056369.12,RISK_ON,0.0
2022-12-14,1056369.12,RISK_ON,0.0
2022-12-15,1056369.12,RISK_ON,0.0
2022-12-16,1056369.12,RISK_ON,0.0
2022-12-19,1056369.12,RISK_ON,0.0
2022-12-20,1056369.12,RISK_ON,0.0
2022-12-21,1056369.12,RISK_ON,0.0
2022-12-22,1056369.12,RISK_ON,0.0
2022-12-23,1056369.12,RISK_ON,0.0
2022-12-26,1056369.12,RISK_ON,0.0
2022-12-27,1056369.12,RISK_ON,0.0
2022-12-28,1056369.12,RISK_ON,0.0
2022-12-29,1056369.12,RISK_ON,0.0
2022-12-30,1063691.58,RISK_ON,0.0
2023-01-02,1063691.58,RISK_ON,0.0
2023-01-03,1063691.58,RISK_ON,0.0
2023-01-04,1063691.58,RISK_ON,0.0
2023-01-05,1063691.58,RISK_ON,0.0
2023-01-06,1063691.58,RISK_ON,0.0
2023-01-09,1063691.58,RISK_ON,0.0
2023-01-10,1063691.58,RISK_ON,0.0
2023-01-11,1063691.58,RISK_ON,0.0
2023-01-12,1063691.58,RISK_ON,0.0
2023-01-13,1063691.58,RISK_ON,0.0
2023-01-16,1063691.58,RISK_ON,0.0
2023-01-17,1063691.58,RISK_ON,0.0
2023-01-18,1063691.58,RISK_ON,0.0
2023-01-19,1063691.58,RISK_ON,0.0
2023-01-20,1063691.58,RISK_ON,0.0
2023-01-23,1063691.58,RISK_ON,0.0
2023-01-24,1063691.58,RISK_ON,0.0
2023-01-25,1063691.58,RISK_ON,0.0
2023-01-27,1063691.58,RISK_ON,0.0
2023-01-30,1063691.58,RISK_ON,0.0
2023-01-31,1028984.35,GOLD_LED,-3.26290351945816
2023-02-01,1028984.35,GOLD_LED,-3.26290351945816
2023-02-02,1028984.35,GOLD_LED,-3.26290351945816
2023-02-03,1028984.35,GOLD_LED,-3.26290351945816
2023-02-06,1028984.35,GOLD_LED,-3.26290351945816
2023-02-07,1028984.35,GOLD_LED,-3.26290351945816
2023-02-08,1028984.35,GOLD_LED,-3.26290351945816
2023-02-09,1028984.35,GOLD_LED,-3.26290351945816
2023-02-10,1028984.35,GOLD_LED,-3.26290351945816
2023-02-13,1028984.35,GOLD_LED,-3.26290351945816
2023-02-14,1028984.35,GOLD_LED,-3.26290351945816
2023-02-15,1028984.35,GOLD_LED,-3.26290351945816
2023-02-16,1028984.35,GOLD_LED,-3.26290351945816
2023-02-17,1028984.35,GOLD_LED,-3.26290351945816
2023-02-20,1028984.35,GOLD_LED,-3.26290351945816
2023-02-21,1028984.35,GOLD_LED,-3.26290351945816
2023-02-22,1028984.35,GOLD_LED,-3.26290351945816
2023-02-23,1028984.35,GOLD_LED,-3.26290351945816
2023-02-24,1028984.35,GOLD_LED,-3.26290351945816
2023-02-27,1028984.35,GOLD_LED,-3.26290351945816
2023-02-28,1008713.49,GOLD_LED,-5.168611939186363
2023-03-01,1008713.49,GOLD_LED,-5.168611939186363
2023-03-02,1008713.49,GOLD_LED,-5.168611939186363
2023-03-03,1008713.49,GOLD_LED,-5.168611939186363
2023-03-06,1008713.49,GOLD_LED,-5.168611939186363
2023-03-08,1008713.49,GOLD_LED,-5.168611939186363
2023-03-09,1008713.49,GOLD_LED,-5.168611939186363
2023-03-10,1008713.49,GOLD_LED,-5.168611939186363
2023-03-13,1008713.49,GOLD_LED,-5.168611939186363
2023-03-14,1008713.49,GOLD_LED,-5.168611939186363
2023-03-15,1008713.49,GOLD_LED,-5.168611939186363
2023-03-16,1008713.49,GOLD_LED,-5.168611939186363
2023-03-17,1008713.49,GOLD_LED,-5.168611939186363
2023-03-20,1008713.49,GOLD_LED,-5.168611939186363
2023-03-21,1008713.49,GOLD_LED,-5.168611939186363
2023-03-22,1008713.49,GOLD_LED,-5.168611939186363
2023-03-23,1008713.49,GOLD_LED,-5.168611939186363
2023-03-24,1008713.49,GOLD_LED,-5.168611939186363
2023-03-27,1008713.49,GOLD_LED,-5.168611939186363
2023-03-28,1008713.49,GOLD_LED,-5.168611939186363
2023-03-29,1008713.49,GOLD_LED,-5.168611939186363
2023-03-31,1058133.91,GOLD_LED,-0.5224888590356414
2023-04-03,1058133.91,GOLD_LED,-0.5224888590356414
2023-04-05,1058133.91,GOLD_LED,-0.5224888590356414
2023-04-06,1058133.91,GOLD_LED,-0.5224888590356414
2023-04-10,1058133.91,GOLD_LED,-0.5224888590356414
2023-04-11,1058133.91,GOLD_LED,-0.5224888590356414
2023-04-12,1058133.91,GOLD_LED,-0.5224888590356414
2023-04-13,1058133.91,GOLD_LED,-0.5224888590356414
2023-04-17,1058133.91,GOLD_LED,-0.5224888590356414
2023-04-18,1058133.91,GOLD_LED,-0.5224888590356414
2023-04-19,1058133.91,GOLD_LED,-0.5224888590356414
2023-04-20,1058133.91,GOLD_LED,-0.5224888590356414
2023-04-21,1058133.91,GOLD_LED,-0.5224888590356414
2023-04-24,1058133.91,GOLD_LED,-0.5224888590356414
2023-04-25,1058133.91,GOLD_LED,-0.5224888590356414
2023-04-26,1058133.91,GOLD_LED,-0.5224888590356414
2023-04-27,1058133.91,GOLD_LED,-0.5224888590356414
2023-04-28,1058185.85,RISK_ON,-0.5176058646623849
2023-05-02,1058185.85,RISK_ON,-0.5176058646623849
2023-05-03,1058185.85,RISK_ON,-0.5176058646623849
2023-05-04,1058185.85,RISK_ON,-0.5176058646623849
2023-05-05,1058185.85,RISK_ON,-0.5176058646623849
2023-05-08,1058185.85,RISK_ON,-0.5176058646623849
2023-05-09,1058185.85,RISK_ON,-0.5176058646623849
2023-05-10,1058185.85,RISK_ON,-0.5176058646623849
2023-05-11,1058185.85,RISK_ON,-0.5176058646623849
2023-05-12,1058185.85,RISK_ON,-0.5176058646623849
2023-05-15,1058185.85,RISK_ON,-0.5176058646623849
2023-05-16,1058185.85,RISK_ON,-0.5176058646623849
2023-05-17,1058185.85,RISK_ON,-0.5176058646623849
2023-05-18,1058185.85,RISK_ON,-0.5176058646623849
2023-05-19,1058185.85,RISK_ON,-0.5176058646623849
2023-05-22,1058185.85,RISK_ON,-0.5176058646623849
2023-05-23,1058185.85,RISK_ON,-0.5176058646623849
2023-05-24,1058185.85,RISK_ON,-0.5176058646623849
2023-05-25,1058185.85,RISK_ON,-0.5176058646623849
2023-05-26,1058185.85,RISK_ON,-0.5176058646623849
2023-05-29,1058185.85,RISK_ON,-0.5176058646623849
2023-05-30,1058185.85,RISK_ON,-0.5176058646623849
2023-05-31,1112841.47,RISK_ON,0.0
2023-06-01,1112841.47,RISK_ON,0.0
2023-06-02,1112841.47,RISK_ON,0.0
2023-06-05,1112841.47,RISK_ON,0.0
2023-06-06,1112841.47,RISK_ON,0.0
2023-06-07,1112841.47,RISK_ON,0.0
2023-06-08,1112841.47,RISK_ON,0.0
2023-06-09,1112841.47,RISK_ON,0.0
2023-06-12,1112841.47,RISK_ON,0.0
2023-06-13,1112841.47,RISK_ON,0.0
2023-06-14,1112841.47,RISK_ON,0.0
2023-06-15,1112841.47,RISK_ON,0.0
2023-06-16,1112841.47,RISK_ON,0.0
2023-06-19,1112841.47,RISK_ON,0.0
2023-06-20,1112841.47,RISK_ON,0.0
2023-06-21,1112841.47,RISK_ON,0.0
2023-06-22,1112841.47,RISK_ON,0.0
2023-06-23,1112841.47,RISK_ON,0.0
2023-06-26,1112841.47,RISK_ON,0.0
2023-06-27,1112841.47,RISK_ON,0.0
2023-06-28,1112841.47,RISK_ON,0.0
2023-06-30,1131790.99,RISK_ON,0.0
2023-07-03,1131790.99,RISK_ON,0.0
2023-07-04,1131790.99,RISK_ON,0.0
2023-07-05,1131790.99,RISK_ON,0.0
2023-07-06,1131790.99,RISK_ON,0.0
2023-07-07,1131790.99,RISK_ON,0.0
2023-07-10,1131790.99,RISK_ON,0.0
2023-07-11,1131790.99,RISK_ON,0.0
2023-07-12,1131790.99,RISK_ON,0.0
2023-07-13,1131790.99,RISK_ON,0.0
2023-07-14,1131790.99,RISK_ON,0.0
2023-07-17,1131790.99,RISK_ON,0.0
2023-07-18,1131790.99,RISK_ON,0.0
2023-07-19,1131790.99,RISK_ON,0.0
2023-07-20,1131790.99,RISK_ON,0.0
2023-07-21,1131790.99,RISK_ON,0.0
2023-07-24,1131790.99,RISK_ON,0.0
2023-07-25,1131790.99,RISK_ON,0.0
2023-07-26,1131790.99,RISK_ON,0.0
2023-07-27,1131790.99,RISK_ON,0.0
2023-07-28,1131790.99,RISK_ON,0.0
2023-07-31,1156687.31,RISK_ON,0.0
2023-08-01,1156687.31,RISK_ON,0.0
2023-08-02,1156687.31,RISK_ON,0.0
2023-08-03,1156687.31,RISK_ON,0.0
2023-08-04,1156687.31,RISK_ON,0.0
2023-08-07,1156687.31,RISK_ON,0.0
2023-08-08,1156687.31,RISK_ON,0.0
2023-08-09,1156687.31,RISK_ON,0.0
2023-08-10,1156687.31,RISK_ON,0.0
2023-08-11,1156687.31,RISK_ON,0.0
2023-08-14,1156687.31,RISK_ON,0.0
2023-08-16,1156687.31,RISK_ON,0.0
2023-08-17,1156687.31,RISK_ON,0.0
2023-08-18,1156687.31,RISK_ON,0.0
2023-08-21,1156687.31,RISK_ON,0.0
2023-08-22,1156687.31,RISK_ON,0.0
2023-08-23,1156687.31,RISK_ON,0.0
2023-08-24,1156687.31,RISK_ON,0.0
2023-08-25,1156687.31,RISK_ON,0.0
2023-08-28,1156687.31,RISK_ON,0.0
2023-08-29,1156687.31,RISK_ON,0.0
2023-08-30,1156687.31,RISK_ON,0.0
2023-08-31,1136323.31,RISK_ON,-1.7605449479686897
2023-09-01,1136323.31,RISK_ON,-1.7605449479686897
2023-09-04,1136323.31,RISK_ON,-1.7605449479686897
2023-09-05,1136323.31,RISK_ON,-1.7605449479686897
2023-09-06,1136323.31,RISK_ON,-1.7605449479686897
2023-09-07,1136323.31,RISK_ON,-1.7605449479686897
2023-09-08,1136323.31,RISK_ON,-1.7605449479686897
2023-09-11,1136323.31,RISK_ON,-1.7605449479686897
2023-09-12,1136323.31,RISK_ON,-1.7605449479686897
2023-09-13,1136323.31,RISK_ON,-1.7605449479686897
2023-09-14,1136323.31,RISK_ON,-1.7605449479686897
2023-09-15,1136323.31,RISK_ON,-1.7605449479686897
2023-09-18,1136323.31,RISK_ON,-1.7605449479686897
2023-09-20,1136323.31,RISK_ON,-1.7605449479686897
2023-09-21,1136323.31,RISK_ON,-1.7605449479686897
2023-09-22,1136323.31,RISK_ON,-1.7605449479686897
2023-09-25,1136323.31,RISK_ON,-1.7605449479686897
2023-09-26,1136323.31,RISK_ON,-1.7605449479686897
2023-09-27,1136323.31,RISK_ON,-1.7605449479686897
2023-09-28,1136323.31,RISK_ON,-1.7605449479686897
2023-09-29,1183514.67,RISK_ON,0.0
2023-10-03,1183514.67,RISK_ON,0.0
2023-10-04,1183514.67,RISK_ON,0.0
2023-10-05,1183514.67,RISK_ON,0.0
2023-10-06,1183514.67,RISK_ON,0.0
2023-10-09,1183514.67,RISK_ON,0.0
2023-10-10,1183514.67,RISK_ON,0.0
2023-10-11,1183514.67,RISK_ON,0.0
2023-10-12,1183514.67,RISK_ON,0.0
2023-10-13,1183514.67,RISK_ON,0.0
2023-10-16,1183514.67,RISK_ON,0.0
2023-10-17,1183514.67,RISK_ON,0.0
2023-10-18,1183514.67,RISK_ON,0.0
2023-10-19,1183514.67,RISK_ON,0.0
2023-10-20,1183514.67,RISK_ON,0.0
2023-10-23,1183514.67,RISK_ON,0.0
2023-10-25,1183514.67,RISK_ON,0.0
2023-10-26,1183514.67,RISK_ON,0.0
2023-10-27,1183514.67,RISK_ON,0.0
2023-10-30,1183514.67,RISK_ON,0.0
2023-10-31,1138606.92,GOLD_LED,-3.7944396582764828
2023-11-01,1138606.92,GOLD_LED,-3.7944396582764828
2023-11-02,1138606.92,GOLD_LED,-3.7944396582764828
2023-11-03,1138606.92,GOLD_LED,-3.7944396582764828
2023-11-06,1138606.92,GOLD_LED,-3.7944396582764828
2023-11-07,1138606.92,GOLD_LED,-3.7944396582764828
2023-11-08,1138606.92,GOLD_LED,-3.7944396582764828
2023-11-09,1138606.92,GOLD_LED,-3.7944396582764828
2023-11-10,1138606.92,GOLD_LED,-3.7944396582764828
2023-11-12,1138606.92,GOLD_LED,-3.7944396582764828
2023-11-13,1138606.92,GOLD_LED,-3.7944396582764828
2023-11-15,1138606.92,GOLD_LED,-3.7944396582764828
2023-11-16,1138606.92,GOLD_LED,-3.7944396582764828
2023-11-17,1138606.92,GOLD_LED,-3.7944396582764828
2023-11-20,1138606.92,GOLD_LED,-3.7944396582764828
2023-11-21,1138606.92,GOLD_LED,-3.7944396582764828
2023-11-22,1138606.92,GOLD_LED,-3.7944396582764828
2023-11-23,1138606.92,GOLD_LED,-3.7944396582764828
2023-11-24,1138606.92,GOLD_LED,-3.7944396582764828
2023-11-28,1138606.92,GOLD_LED,-3.7944396582764828
2023-11-29,1138606.92,GOLD_LED,-3.7944396582764828
2023-11-30,1197296.98,RISK_ON,0.0
2023-12-01,1197296.98,RISK_ON,0.0
2023-12-04,1197296.98,RISK_ON,0.0
2023-12-05,1197296.98,RISK_ON,0.0
2023-12-06,1197296.98,RISK_ON,0.0
2023-12-07,1197296.98,RISK_ON,0.0
2023-12-08,1197296.98,RISK_ON,0.0
2023-12-11,1197296.98,RISK_ON,0.0
2023-12-12,1197296.98,RISK_ON,0.0
2023-12-13,1197296.98,RISK_ON,0.0
2023-12-14,1197296.98,RISK_ON,0.0
2023-12-15,1197296.98,RISK_ON,0.0
2023-12-18,1197296.98,RISK_ON,0.0
2023-12-19,1197296.98,RISK_ON,0.0
2023-12-20,1197296.98,RISK_ON,0.0
2023-12-21,1197296.98,RISK_ON,0.0
2023-12-22,1197296.98,RISK_ON,0.0
2023-12-26,1197296.98,RISK_ON,0.0
2023-12-27,1197296.98,RISK_ON,0.0
2023-12-28,1197296.98,RISK_ON,0.0
2023-12-29,1256313.92,MIXED,0.0
2024-01-01,1256313.92,MIXED,0.0
2024-01-02,1256313.92,MIXED,0.0
2024-01-03,1256313.92,MIXED,0.0
2024-01-04,1256313.92,MIXED,0.0
2024-01-05,1256313.92,MIXED,0.0
2024-01-08,1256313.92,MIXED,0.0
2024-01-09,1256313.92,MIXED,0.0
2024-01-10,1256313.92,MIXED,0.0
2024-01-11,1256313.92,MIXED,0.0
2024-01-12,1256313.92,MIXED,0.0
2024-01-15,1256313.92,MIXED,0.0
2024-01-16,1256313.92,MIXED,0.0
2024-01-17,1256313.92,MIXED,0.0
2024-01-18,1256313.92,MIXED,0.0
2024-01-19,1256313.92,MIXED,0.0
2024-01-20,1256313.92,MIXED,0.0
2024-01-23,1256313.92,MIXED,0.0
2024-01-24,1256313.92,MIXED,0.0
2024-01-25,1256313.92,MIXED,0.0
2024-01-29,1256313.92,MIXED,0.0
2024-01-30,1256313.92,MIXED,0.0
2024-01-31,1285888.66,RISK_ON,0.0
2024-02-01,1285888.66,RISK_ON,0.0
2024-02-02,1285888.66,RISK_ON,0.0
2024-02-05,1285888.66,RISK_ON,0.0
2024-02-06,1285888.66,RISK_ON,0.0
2024-02-07,1285888.66,RISK_ON,0.0
2024-02-08,1285888.66,RISK_ON,0.0
2024-02-09,1285888.66,RISK_ON,0.0
2024-02-12,1285888.66,RISK_ON,0.0
2024-02-13,1285888.66,RISK_ON,0.0
2024-02-14,1285888.66,RISK_ON,0.0
2024-02-15,1285888.66,RISK_ON,0.0
2024-02-16,1285888.66,RISK_ON,0.0
2024-02-19,1285888.66,RISK_ON,0.0
2024-02-20,1285888.66,RISK_ON,0.0
2024-02-21,1285888.66,RISK_ON,0.0
2024-02-22,1285888.66,RISK_ON,0.0
2024-02-23,1285888.66,RISK_ON,0.0
2024-02-26,1285888.66,RISK_ON,0.0
2024-02-27,1285888.66,RISK_ON,0.0
2024-02-28,1285888.66,RISK_ON,0.0
2024-02-29,1377496.8,RISK_ON,0.0
2024-03-01,1377496.8,RISK_ON,0.0
2024-03-02,1377496.8,RISK_ON,0.0
2024-03-04,1377496.8,RISK_ON,0.0
2024-03-05,1377496.8,RISK_ON,0.0
2024-03-06,1377496.8,RISK_ON,0.0
2024-03-07,1377496.8,RISK_ON,0.0
2024-03-11,1377496.8,RISK_ON,0.0
2024-03-12,1377496.8,RISK_ON,0.0
2024-03-13,1377496.8,RISK_ON,0.0
2024-03-14,1377496.8,RISK_ON,0.0
2024-03-15,1377496.8,RISK_ON,0.0
2024-03-18,1377496.8,RISK_ON,0.0
2024-03-19,1377496.8,RISK_ON,0.0
2024-03-20,1377496.8,RISK_ON,0.0
2024-03-21,1377496.8,RISK_ON,0.0
2024-03-22,1377496.8,RISK_ON,0.0
2024-03-26,1377496.8,RISK_ON,0.0
2024-03-27,1377496.8,RISK_ON,0.0
2024-03-28,1382504.46,MIXED,0.0
2024-04-01,1382504.46,MIXED,0.0
2024-04-02,1382504.46,MIXED,0.0
2024-04-03,1382504.46,MIXED,0.0
2024-04-04,1382504.46,MIXED,0.0
2024-04-05,1382504.46,MIXED,0.0
2024-04-08,1382504.46,MIXED,0.0
2024-04-09,1382504.46,MIXED,0.0
2024-04-10,1382504.46,MIXED,0.0
2024-04-12,1382504.46,MIXED,0.0
2024-04-15,1382504.46,MIXED,0.0
2024-04-16,1382504.46,MIXED,0.0
2024-04-18,1382504.46,MIXED,0.0
2024-04-19,1382504.46,MIXED,0.0
2024-04-22,1382504.46,MIXED,0.0
2024-04-23,1382504.46,MIXED,0.0
2024-04-24,1382504.46,MIXED,0.0
2024-04-25,1382504.46,MIXED,0.0
2024-04-26,1382504.46,MIXED,0.0
2024-04-29,1382504.46,MIXED,0.0
2024-04-30,1451903.24,MIXED,0.0
2024-05-02,1451903.24,MIXED,0.0
2024-05-03,1451903.24,MIXED,0.0
2024-05-06,1451903.24,MIXED,0.0
2024-05-07,1451903.24,MIXED,0.0
2024-05-08,1451903.24,MIXED,0.0
2024-05-09,1451903.24,MIXED,0.0
2024-05-10,1451903.24,MIXED,0.0
2024-05-13,1451903.24,MIXED,0.0
2024-05-14,1451903.24,MIXED,0.0
2024-05-15,1451903.24,MIXED,0.0
2024-05-16,1451903.24,MIXED,0.0
2024-05-17,1451903.24,MIXED,0.0
2024-05-18,1451903.24,MIXED,0.0
2024-05-21,1451903.24,MIXED,0.0
2024-05-22,1451903.24,MIXED,0.0
2024-05-23,1451903.24,MIXED,0.0
2024-05-24,1451903.24,MIXED,0.0
2024-05-27,1451903.24,MIXED,0.0
2024-05-28,1451903.24,MIXED,0.0
2024-05-29,1451903.24,MIXED,0.0
2024-05-30,1451903.24,MIXED,0.0
2024-05-31,1454046.77,GOLD_LED,0.0
2024-06-03,1454046.77,GOLD_LED,0.0
2024-06-04,1454046.77,GOLD_LED,0.0
2024-06-05,1454046.77,GOLD_LED,0.0
2024-06-06,1454046.77,GOLD_LED,0.0
2024-06-07,1454046.77,GOLD_LED,0.0
2024-06-10,1454046.77,GOLD_LED,0.0
2024-06-11,1454046.77,GOLD_LED,0.0
2024-06-12,1454046.77,GOLD_LED,0.0
2024-06-13,1454046.77,GOLD_LED,0.0
2024-06-14,1454046.77,GOLD_LED,0.0
2024-06-18,1454046.77,GOLD_LED,0.0
2024-06-19,1454046.77,GOLD_LED,0.0
2024-06-20,1454046.77,GOLD_LED,0.0
2024-06-21,1454046.77,GOLD_LED,0.0
2024-06-24,1454046.77,GOLD_LED,0.0
2024-06-25,1454046.77,GOLD_LED,0.0
2024-06-26,1454046.77,GOLD_LED,0.0
2024-06-27,1454046.77,GOLD_LED,0.0
2024-06-28,1488690.48,RISK_ON,0.0
2024-07-01,1488690.48,RISK_ON,0.0
2024-07-02,1488690.48,RISK_ON,0.0
2024-07-03,1488690.48,RISK_ON,0.0
2024-07-04,1488690.48,RISK_ON,0.0
2024-07-05,1488690.48,RISK_ON,0.0
2024-07-08,1488690.48,RISK_ON,0.0
2024-07-09,1488690.48,RISK_ON,0.0
2024-07-10,1488690.48,RISK_ON,0.0
2024-07-11,1488690.48,RISK_ON,0.0
2024-07-12,1488690.48,RISK_ON,0.0
2024-07-15,1488690.48,RISK_ON,0.0
2024-07-16,1488690.48,RISK_ON,0.0
2024-07-18,1488690.48,RISK_ON,0.0
2024-07-19,1488690.48,RISK_ON,0.0
2024-07-22,1488690.48,RISK_ON,0.0
2024-07-23,1488690.48,RISK_ON,0.0
2024-07-24,1488690.48,RISK_ON,0.0
2024-07-25,1488690.48,RISK_ON,0.0
2024-07-26,1488690.48,RISK_ON,0.0
2024-07-29,1488690.48,RISK_ON,0.0
2024-07-30,1488690.48,RISK_ON,0.0
2024-07-31,1516979.23,RISK_ON,0.0
2024-08-01,1516979.23,RISK_ON,0.0
2024-08-02,1516979.23,RISK_ON,0.0
2024-08-05,1516979.23,RISK_ON,0.0
2024-08-06,1516979.23,RISK_ON,0.0
2024-08-07,1516979.23,RISK_ON,0.0
2024-08-08,1516979.23,RISK_ON,0.0
2024-08-09,1516979.23,RISK_ON,0.0
2024-08-12,1516979.23,RISK_ON,0.0
2024-08-13,1516979.23,RISK_ON,0.0
2024-08-14,1516979.23,RISK_ON,0.0
2024-08-16,1516979.23,RISK_ON,0.0
2024-08-19,1516979.23,RISK_ON,0.0
2024-08-20,1516979.23,RISK_ON,0.0
2024-08-21,1516979.23,RISK_ON,0.0
2024-08-22,1516979.23,RISK_ON,0.0
2024-08-23,1516979.23,RISK_ON,0.0
2024-08-26,1516979.23,RISK_ON,0.0
2024-08-27,1516979.23,RISK_ON,0.0
2024-08-28,1516979.23,RISK_ON,0.0
2024-08-29,1516979.23,RISK_ON,0.0
2024-08-30,1551926.99,RISK_ON,0.0
2024-09-02,1551926.99,RISK_ON,0.0
2024-09-03,1551926.99,RISK_ON,0.0
2024-09-04,1551926.99,RISK_ON,0.0
2024-09-05,1551926.99,RISK_ON,0.0
2024-09-06,1551926.99,RISK_ON,0.0
2024-09-09,1551926.99,RISK_ON,0.0
2024-09-10,1551926.99,RISK_ON,0.0
2024-09-11,1551926.99,RISK_ON,0.0
2024-09-12,1551926.99,RISK_ON,0.0
2024-09-13,1551926.99,RISK_ON,0.0
2024-09-16,1551926.99,RISK_ON,0.0
2024-09-17,1551926.99,RISK_ON,0.0
2024-09-18,1551926.99,RISK_ON,0.0
2024-09-19,1551926.99,RISK_ON,0.0
2024-09-20,1551926.99,RISK_ON,0.0
2024-09-23,1551926.99,RISK_ON,0.0
2024-09-24,1551926.99,RISK_ON,0.0
2024-09-25,1551926.99,RISK_ON,0.0
2024-09-26,1551926.99,RISK_ON,0.0
2024-09-27,1551926.99,RISK_ON,0.0
2024-09-30,1560262.31,RISK_ON,0.0
2024-10-01,1560262.31,RISK_ON,0.0
2024-10-03,1560262.31,RISK_ON,0.0
2024-10-04,1560262.31,RISK_ON,0.0
2024-10-07,1560262.31,RISK_ON,0.0
2024-10-08,1560262.31,RISK_ON,0.0
2024-10-09,1560262.31,RISK_ON,0.0
2024-10-10,1560262.31,RISK_ON,0.0
2024-10-11,1560262.31,RISK_ON,0.0
2024-10-14,1560262.31,RISK_ON,0.0
2024-10-15,1560262.31,RISK_ON,0.0
2024-10-16,1560262.31,RISK_ON,0.0
2024-10-17,1560262.31,RISK_ON,0.0
2024-10-18,1560262.31,RISK_ON,0.0
2024-10-21,1560262.31,RISK_ON,0.0
2024-10-22,1560262.31,RISK_ON,0.0
2024-10-23,1560262.31,RISK_ON,0.0
2024-10-24,1560262.31,RISK_ON,0.0
2024-10-25,1560262.31,RISK_ON,0.0
2024-10-28,1560262.31,RISK_ON,0.0
2024-10-29,1560262.31,RISK_ON,0.0
2024-10-30,1560262.31,RISK_ON,0.0
2024-10-31,1484877.99,GOLD_LED,-4.831515798135255
2024-11-01,1484877.99,GOLD_LED,-4.831515798135255
2024-11-04,1484877.99,GOLD_LED,-4.831515798135255
2024-11-05,1484877.99,GOLD_LED,-4.831515798135255
2024-11-06,1484877.99,GOLD_LED,-4.831515798135255
2024-11-07,1484877.99,GOLD_LED,-4.831515798135255
2024-11-08,1484877.99,GOLD_LED,-4.831515798135255
2024-11-11,1484877.99,GOLD_LED,-4.831515798135255
2024-11-12,1484877.99,GOLD_LED,-4.831515798135255
2024-11-13,1484877.99,GOLD_LED,-4.831515798135255
2024-11-14,1484877.99,GOLD_LED,-4.831515798135255
2024-11-18,1484877.99,GOLD_LED,-4.831515798135255
2024-11-19,1484877.99,GOLD_LED,-4.831515798135255
2024-11-21,1484877.99,GOLD_LED,-4.831515798135255
2024-11-22,1484877.99,GOLD_LED,-4.831515798135255
2024-11-25,1484877.99,GOLD_LED,-4.831515798135255
2024-11-26,1484877.99,GOLD_LED,-4.831515798135255
2024-11-27,1484877.99,GOLD_LED,-4.831515798135255
2024-11-28,1484877.99,GOLD_LED,-4.831515798135255
2024-11-29,1504822.53,GOLD_LED,-3.553234583997611
2024-12-02,1504822.53,GOLD_LED,-3.553234583997611
2024-12-03,1504822.53,GOLD_LED,-3.553234583997611
2024-12-04,1504822.53,GOLD_LED,-3.553234583997611
2024-12-05,1504822.53,GOLD_LED,-3.553234583997611
2024-12-06,1504822.53,GOLD_LED,-3.553234583997611
2024-12-09,1504822.53,GOLD_LED,-3.553234583997611
2024-12-10,1504822.53,GOLD_LED,-3.553234583997611
2024-12-11,1504822.53,GOLD_LED,-3.553234583997611
2024-12-12,1504822.53,GOLD_LED,-3.553234583997611
2024-12-13,1504822.53,GOLD_LED,-3.553234583997611
2024-12-16,1504822.53,GOLD_LED,-3.553234583997611
2024-12-17,1504822.53,GOLD_LED,-3.553234583997611
2024-12-18,1504822.53,GOLD_LED,-3.553234583997611
2024-12-19,1504822.53,GOLD_LED,-3.553234583997611
2024-12-20,1504822.53,GOLD_LED,-3.553234583997611
2024-12-23,1504822.53,GOLD_LED,-3.553234583997611
2024-12-24,1504822.53,GOLD_LED,-3.553234583997611
2024-12-26,1504822.53,GOLD_LED,-3.553234583997611
2024-12-27,1504822.53,GOLD_LED,-3.553234583997611
2024-12-30,1504822.53,GOLD_LED,-3.553234583997611
2024-12-31,1570237.89,GOLD_LED,0.0
2025-01-01,1570237.89,GOLD_LED,0.0
2025-01-02,1570237.89,GOLD_LED,0.0
2025-01-03,1570237.89,GOLD_LED,0.0
2025-01-06,1570237.89,GOLD_LED,0.0
2025-01-07,1570237.89,GOLD_LED,0.0
2025-01-08,1570237.89,GOLD_LED,0.0
2025-01-09,1570237.89,GOLD_LED,0.0
2025-01-10,1570237.89,GOLD_LED,0.0
2025-01-13,1570237.89,GOLD_LED,0.0
2025-01-14,1570237.89,GOLD_LED,0.0
2025-01-15,1570237.89,GOLD_LED,0.0
2025-01-16,1570237.89,GOLD_LED,0.0
2025-01-17,1570237.89,GOLD_LED,0.0
2025-01-20,1570237.89,GOLD_LED,0.0
2025-01-21,1570237.89,GOLD_LED,0.0
2025-01-22,1570237.89,GOLD_LED,0.0
2025-01-23,1570237.89,GOLD_LED,0.0
2025-01-24,1570237.89,GOLD_LED,0.0
2025-01-27,1570237.89,GOLD_LED,0.0
2025-01-28,1570237.89,GOLD_LED,0.0
2025-01-29,1570237.89,GOLD_LED,0.0
2025-01-30,1570237.89,GOLD_LED,0.0
2025-01-31,1581770.21,GOLD_LED,0.0
2025-02-01,1581770.21,GOLD_LED,0.0
2025-02-03,1581770.21,GOLD_LED,0.0
2025-02-04,1581770.21,GOLD_LED,0.0
2025-02-05,1581770.21,GOLD_LED,0.0
2025-02-06,1581770.21,GOLD_LED,0.0
2025-02-07,1581770.21,GOLD_LED,0.0
2025-02-10,1581770.21,GOLD_LED,0.0
2025-02-11,1581770.21,GOLD_LED,0.0
2025-02-12,1581770.21,GOLD_LED,0.0
2025-02-13,1581770.21,GOLD_LED,0.0
2025-02-14,1581770.21,GOLD_LED,0.0
2025-02-17,1581770.21,GOLD_LED,0.0
2025-02-18,1581770.21,GOLD_LED,0.0
2025-02-19,1581770.21,GOLD_LED,0.0
2025-02-20,1581770.21,GOLD_LED,0.0
2025-02-21,1581770.21,GOLD_LED,0.0
2025-02-24,1581770.21,GOLD_LED,0.0
2025-02-25,1581770.21,GOLD_LED,0.0
2025-02-27,1581770.21,GOLD_LED,0.0
2025-02-28,1525263.01,GOLD_LED,-3.572402593168067
2025-03-03,1525263.01,GOLD_LED,-3.572402593168067
2025-03-04,1525263.01,GOLD_LED,-3.572402593168067
2025-03-05,1525263.01,GOLD_LED,-3.572402593168067
2025-03-06,1525263.01,GOLD_LED,-3.572402593168067
2025-03-07,1525263.01,GOLD_LED,-3.572402593168067
2025-03-10,1525263.01,GOLD_LED,-3.572402593168067
2025-03-11,1525263.01,GOLD_LED,-3.572402593168067
2025-03-12,1525263.01,GOLD_LED,-3.572402593168067
2025-03-13,1525263.01,GOLD_LED,-3.572402593168067
2025-03-17,1525263.01,GOLD_LED,-3.572402593168067
2025-03-18,1525263.01,GOLD_LED,-3.572402593168067
2025-03-19,1525263.01,GOLD_LED,-3.572402593168067
2025-03-20,1525263.01,GOLD_LED,-3.572402593168067
2025-03-21,1525263.01,GOLD_LED,-3.572402593168067
2025-03-24,1525263.01,GOLD_LED,-3.572402593168067
2025-03-25,1525263.01,GOLD_LED,-3.572402593168067
2025-03-26,1525263.01,GOLD_LED,-3.572402593168067
2025-03-27,1525263.01,GOLD_LED,-3.572402593168067
2025-03-28,1584492.04,GOLD_LED,0.0
2025-04-01,1584492.04,GOLD_LED,0.0
2025-04-02,1584492.04,GOLD_LED,0.0
2025-04-03,1584492.04,GOLD_LED,0.0
2025-04-04,1584492.04,GOLD_LED,0.0
2025-04-07,1584492.04,GOLD_LED,0.0
2025-04-08,1584492.04,GOLD_LED,0.0
2025-04-09,1584492.04,GOLD_LED,0.0
2025-04-11,1584492.04,GOLD_LED,0.0
2025-04-15,1584492.04,GOLD_LED,0.0
2025-04-16,1584492.04,GOLD_LED,0.0
2025-04-17,1584492.04,GOLD_LED,0.0
2025-04-21,1584492.04,GOLD_LED,0.0
2025-04-22,1584492.04,GOLD_LED,0.0
2025-04-23,1584492.04,GOLD_LED,0.0
2025-04-24,1584492.04,GOLD_LED,0.0
2025-04-25,1584492.04,GOLD_LED,0.0
2025-04-28,1584492.04,GOLD_LED,0.0
2025-04-29,1584492.04,GOLD_LED,0.0
2025-04-30,1621524.68,GOLD_LED,0.0
2025-05-02,1621524.68,GOLD_LED,0.0
2025-05-05,1621524.68,GOLD_LED,0.0
2025-05-06,1621524.68,GOLD_LED,0.0
2025-05-07,1621524.68,GOLD_LED,0.0
2025-05-08,1621524.68,GOLD_LED,0.0
2025-05-09,1621524.68,GOLD_LED,0.0
2025-05-12,1621524.68,GOLD_LED,0.0
2025-05-13,1621524.68,GOLD_LED,0.0
2025-05-14,1621524.68,GOLD_LED,0.0
2025-05-15,1621524.68,GOLD_LED,0.0
2025-05-16,1621524.68,GOLD_LED,0.0
2025-05-19,1621524.68,GOLD_LED,0.0
2025-05-20,1621524.68,GOLD_LED,0.0
2025-05-21,1621524.68,GOLD_LED,0.0
2025-05-22,1621524.68,GOLD_LED,0.0
2025-05-23,1621524.68,GOLD_LED,0.0
2025-05-26,1621524.68,GOLD_LED,0.0
2025-05-27,1621524.68,GOLD_LED,0.0
2025-05-28,1621524.68,GOLD_LED,0.0
2025-05-29,1621524.68,GOLD_LED,0.0
2025-05-30,1673815.21,MIXED,0.0
2025-06-02,1673815.21,MIXED,0.0
2025-06-03,1673815.21,MIXED,0.0
2025-06-04,1673815.21,MIXED,0.0
2025-06-05,1673815.21,MIXED,0.0
2025-06-06,1673815.21,MIXED,0.0
2025-06-09,1673815.21,MIXED,0.0
2025-06-10,1673815.21,MIXED,0.0
2025-06-11,1673815.21,MIXED,0.0
2025-06-12,1673815.21,MIXED,0.0
2025-06-13,1673815.21,MIXED,0.0
2025-06-16,1673815.21,MIXED,0.0
2025-06-17,1673815.21,MIXED,0.0
2025-06-18,1673815.21,MIXED,0.0
2025-06-19,1673815.21,MIXED,0.0
2025-06-20,1673815.21,MIXED,0.0
2025-06-23,1673815.21,MIXED,0.0
2025-06-24,1673815.21,MIXED,0.0
2025-06-25,1673815.21,MIXED,0.0
2025-06-26,1673815.21,MIXED,0.0
2025-06-27,1673815.21,MIXED,0.0
2025-06-30,1714659.09,RISK_ON,0.0
2025-07-01,1714659.09,RISK_ON,0.0
2025-07-02,1714659.09,RISK_ON,0.0
2025-07-03,1714659.09,RISK_ON,0.0
2025-07-04,1714659.09,RISK_ON,0.0
2025-07-07,1714659.09,RISK_ON,0.0
2025-07-08,1714659.09,RISK_ON,0.0
2025-07-09,1714659.09,RISK_ON,0.0
2025-07-10,1714659.09,RISK_ON,0.0
2025-07-11,1714659.09,RISK_ON,0.0
2025-07-14,1714659.09,RISK_ON,0.0
2025-07-15,1714659.09,RISK_ON,0.0
2025-07-16,1714659.09,RISK_ON,0.0
2025-07-17,1714659.09,RISK_ON,0.0
2025-07-18,1714659.09,RISK_ON,0.0
2025-07-21,1714659.09,RISK_ON,0.0
2025-07-22,1714659.09,RISK_ON,0.0
2025-07-23,1714659.09,RISK_ON,0.0
2025-07-24,1714659.09,RISK_ON,0.0
2025-07-25,1714659.09,RISK_ON,0.0
2025-07-28,1714659.09,RISK_ON,0.0
2025-07-29,1714659.09,RISK_ON,0.0
2025-07-30,1714659.09,RISK_ON,0.0
2025-07-31,1744196.31,RISK_ON,0.0
2025-08-01,1744196.31,RISK_ON,0.0
2025-08-04,1744196.31,RISK_ON,0.0
2025-08-05,1744196.31,RISK_ON,0.0
2025-08-06,1744196.31,RISK_ON,0.0
2025-08-07,1744196.31,RISK_ON,0.0
2025-08-08,1744196.31,RISK_ON,0.0
2025-08-11,1744196.31,RISK_ON,0.0
2025-08-12,1744196.31,RISK_ON,0.0
2025-08-13,1744196.31,RISK_ON,0.0
2025-08-14,1744196.31,RISK_ON,0.0
2025-08-18,1744196.31,RISK_ON,0.0
2025-08-19,1744196.31,RISK_ON,0.0
2025-08-20,1744196.31,RISK_ON,0.0
2025-08-21,1744196.31,RISK_ON,0.0
2025-08-22,1744196.31,RISK_ON,0.0
2025-08-25,1744196.31,RISK_ON,0.0
2025-08-26,1744196.31,RISK_ON,0.0
2025-08-28,1744196.31,RISK_ON,0.0
2025-08-29,1730919.9,GOLD_LED,-0.7611763609338351
2025-09-01,1730919.9,GOLD_LED,-0.7611763609338351
2025-09-02,1730919.9,GOLD_LED,-0.7611763609338351
2025-09-03,1730919.9,GOLD_LED,-0.7611763609338351
2025-09-04,1730919.9,GOLD_LED,-0.7611763609338351
2025-09-05,1730919.9,GOLD_LED,-0.7611763609338351
2025-09-08,1730919.9,GOLD_LED,-0.7611763609338351
2025-09-09,1730919.9,GOLD_LED,-0.7611763609338351
2025-09-10,1730919.9,GOLD_LED,-0.7611763609338351
2025-09-11,1730919.9,GOLD_LED,-0.7611763609338351
2025-09-12,1730919.9,GOLD_LED,-0.7611763609338351
2025-09-15,1730919.9,GOLD_LED,-0.7611763609338351
2025-09-16,1730919.9,GOLD_LED,-0.7611763609338351
2025-09-17,1730919.9,GOLD_LED,-0.7611763609338351
2025-09-18,1730919.9,GOLD_LED,-0.7611763609338351
2025-09-19,1730919.9,GOLD_LED,-0.7611763609338351
2025-09-22,1730919.9,GOLD_LED,-0.7611763609338351
2025-09-23,1730919.9,GOLD_LED,-0.7611763609338351
2025-09-24,1730919.9,GOLD_LED,-0.7611763609338351
2025-09-25,1730919.9,GOLD_LED,-0.7611763609338351
2025-09-26,1730919.9,GOLD_LED,-0.7611763609338351
2025-09-29,1730919.9,GOLD_LED,-0.7611763609338351
2025-09-30,1933332.62,GOLD_LED,0.0
2025-10-01,1933332.62,GOLD_LED,0.0
2025-10-03,1933332.62,GOLD_LED,0.0
2025-10-06,1933332.62,GOLD_LED,0.0
2025-10-07,1933332.62,GOLD_LED,0.0
2025-10-08,1933332.62,GOLD_LED,0.0
2025-10-09,1933332.62,GOLD_LED,0.0
2025-10-10,1933332.62,GOLD_LED,0.0
2025-10-13,1933332.62,GOLD_LED,0.0
2025-10-14,1933332.62,GOLD_LED,0.0
2025-10-15,1933332.62,GOLD_LED,0.0
2025-10-16,1933332.62,GOLD_LED,0.0
2025-10-17,1933332.62,GOLD_LED,0.0
2025-10-20,1933332.62,GOLD_LED,0.0
2025-10-21,1933332.62,GOLD_LED,0.0
2025-10-23,1933332.62,GOLD_LED,0.0
2025-10-24,1933332.62,GOLD_LED,0.0
2025-10-27,1933332.62,GOLD_LED,0.0
2025-10-28,1933332.62,GOLD_LED,0.0
2025-10-29,1933332.62,GOLD_LED,0.0
2025-10-30,1933332.62,GOLD_LED,0.0
2025-10-31,2029534.8,GOLD_LED,0.0
2025-11-03,2029534.8,GOLD_LED,0.0
2025-11-04,2029534.8,GOLD_LED,0.0
2025-11-06,2029534.8,GOLD_LED,0.0
2025-11-07,2029534.8,GOLD_LED,0.0
2025-11-10,2029534.8,GOLD_LED,0.0
2025-11-11,2029534.8,GOLD_LED,0.0
2025-11-12,2029534.8,GOLD_LED,0.0
2025-11-13,2029534.8,GOLD_LED,0.0
2025-11-14,2029534.8,GOLD_LED,0.0
2025-11-17,2029534.8,GOLD_LED,0.0
2025-11-18,2029534.8,GOLD_LED,0.0
2025-11-19,2029534.8,GOLD_LED,0.0
2025-11-20,2029534.8,GOLD_LED,0.0
2025-11-21,2029534.8,GOLD_LED,0.0
2025-11-24,2029534.8,GOLD_LED,0.0
2025-11-25,2029534.8,GOLD_LED,0.0
2025-11-26,2029534.8,GOLD_LED,0.0
2025-11-27,2029534.8,GOLD_LED,0.0
2025-11-28,2084821.2,GOLD_LED,0.0
2025-12-01,2084821.2,GOLD_LED,0.0
2025-12-02,2084821.2,GOLD_LED,0.0
2025-12-03,2084821.2,GOLD_LED,0.0
2025-12-04,2084821.2,GOLD_LED,0.0
2025-12-05,2084821.2,GOLD_LED,0.0
2025-12-08,2084821.2,GOLD_LED,0.0
2025-12-09,2084821.2,GOLD_LED,0.0
2025-12-10,2084821.2,GOLD_LED,0.0
2025-12-11,2084821.2,GOLD_LED,0.0
2025-12-12,2084821.2,GOLD_LED,0.0
2025-12-15,2084821.2,GOLD_LED,0.0
2025-12-16,2084821.2,GOLD_LED,0.0
2025-12-17,2084821.2,GOLD_LED,0.0
2025-12-18,2084821.2,GOLD_LED,0.0
2025-12-19,2084821.2,GOLD_LED,0.0
2025-12-22,2084821.2,GOLD_LED,0.0
2025-12-23,2084821.2,GOLD_LED,0.0
2025-12-24,2084821.2,GOLD_LED,0.0
2025-12-26,2084821.2,GOLD_LED,0.0
2025-12-29,2084821.2,GOLD_LED,0.0
2025-12-30,2084821.2,GOLD_LED,0.0
2025-12-31,2215536.34,GOLD_LED,0.0
