Symbol,Catalyst,Signal_Label,Score,Stage,TT_Pass_Count,TT_Pass_All,TT_Failed_Gates,Pct_Above_52w_Low,Pct_Below_52w_High,JdK_RS_Ratio,RRG_Quadrant,VCP_Valid,VCP_Quality_Score,VCP_Contractions,Pivot_Price,Broke_Pivot,Days_Since_Pivot,Entry,SL,SL_pct,T1,T1_pct,R_Multiple,Catalyst_Reason
GESHIP,None,None,20,2,8,True,,86.3,3.2,106.43,WEAKENING,False,50,"[{'high_date': '2025-07-04', 'high': 1004.22, 'low_date': '2025-08-05', 'low': 898.75, 'pullback_pct': 10.5}, {'high_date': '2025-08-19', 'high': 962.63, 'low_date': '2025-08-29', 'low': 908.59, 'pullback_pct': 5.61}, {'high_date': '2025-09-18', 'high': 1038.22, 'low_date': '2025-09-29', 'low': 956.26, 'pullback_pct': 7.89}, {'high_date': '2025-10-31', 'high': 1077.36, 'low_date': '2025-11-06', 'low': 1028.27, 'pullback_pct': 4.56}, {'high_date': '2025-11-12', 'high': 1135.56, 'low_date': '2025-11-25', 'low': 1049.0, 'pullback_pct': 7.62}, {'high_date': '2025-12-01', 'high': 1109.14, 'low_date': '2025-12-08', 'low': 1056.29, 'pullback_pct': 4.76}, {'high_date': '2025-12-31', 'high': 1113.08, 'low_date': '2026-01-20', 'low': 1067.33, 'pullback_pct': 4.11}, {'high_date': '2026-02-11', 'high': 1339.7, 'low_date': '2026-02-20', 'low': 1278.42, 'pullback_pct': 4.57}, {'high_date': '2026-03-06', 'high': 1405.65, 'low_date': '2026-03-09', 'low': 1329.37, 'pullback_pct': 5.43}, {'high_date': '2026-03-12', 'high': 1476.36, 'low_date': '2026-03-16', 'low': 1364.04, 'pullback_pct': 7.61}, {'high_date': '2026-03-19', 'high': 1431.47, 'low_date': '2026-03-23', 'low': 1350.73, 'pullback_pct': 5.64}, {'high_date': '2026-04-06', 'high': 1453.02, 'low_date': '2026-04-13', 'low': 1326.2, 'pullback_pct': 8.73}, {'high_date': '2026-05-08', 'high': 1577.47, 'low_date': '2026-05-14', 'low': 1474.78, 'pullback_pct': 6.51}]",1577.47,True,12.0,1649.3,1530.72,7.19,2005.05,21.57,3.0,no valid VCP base
NESTLEIND,None,None,18,2,8,True,,30.4,4.9,109.67,LEADING,False,40,"[{'high_date': '2025-07-23', 'high': 1219.66, 'low_date': '2025-08-14', 'low': 1083.55, 'pullback_pct': 11.16}, {'high_date': '2025-09-11', 'high': 1214.24, 'low_date': '2025-09-29', 'low': 1146.31, 'pullback_pct': 5.59}, {'high_date': '2025-10-17', 'high': 1282.58, 'low_date': '2025-12-10', 'low': 1202.81, 'pullback_pct': 6.22}, {'high_date': '2026-01-30', 'high': 1325.24, 'low_date': '2026-03-23', 'low': 1166.8, 'pullback_pct': 11.96}, {'high_date': '2026-05-06', 'high': 1486.1, 'low_date': '2026-05-20', 'low': 1413.0, 'pullback_pct': 4.92}]",1486.1,False,14.0,1413.0,1373.83,2.77,1530.51,8.32,3.0,no valid VCP base
MARUTI,None,None,18,4,3,False,"T1_above_ma150_200,T4_ma50_above_med,T5_above_ma50,T6_25pct_above_low,T8_rs_rank",8.7,24.6,96.91,IMPROVING,True,90,"[{'high_date': '2026-03-06', 'high': 14159.0, 'low_date': '2026-03-30', 'low': 12306.0, 'pullback_pct': 13.09}, {'high_date': '2026-04-10', 'high': 13709.0, 'low_date': '2026-04-28', 'low': 12892.0, 'pullback_pct': 5.96}, {'high_date': '2026-05-07', 'high': 13770.0, 'low_date': '2026-05-19', 'low': 12956.0, 'pullback_pct': 5.91}]",13770.0,False,13.0,13045.0,12668.4,2.89,14174.8,8.66,3.0,"no pivot catalyst (broke=False, days=13)"
LT,None,None,10,3,4,False,"T1_above_ma150_200,T4_ma50_above_med,T6_25pct_above_low,T8_rs_rank",17.1,11.4,100.42,WEAKENING,False,50,"[{'high_date': '2025-08-13', 'high': 3693.7, 'low_date': '2025-09-09', 'low': 3525.0, 'pullback_pct': 4.57}, {'high_date': '2026-01-02', 'high': 4163.4, 'low_date': '2026-01-23', 'low': 3743.8, 'pullback_pct': 10.08}, {'high_date': '2026-02-23', 'high': 4418.1, 'low_date': '2026-03-04', 'low': 3882.6, 'pullback_pct': 12.12}, {'high_date': '2026-03-05', 'high': 4038.7, 'low_date': '2026-03-13', 'low': 3439.0, 'pullback_pct': 14.85}, {'high_date': '2026-03-18', 'high': 3607.9, 'low_date': '2026-03-23', 'low': 3342.4, 'pullback_pct': 7.36}, {'high_date': '2026-04-16', 'high': 4119.8, 'low_date': '2026-05-12', 'low': 3856.5, 'pullback_pct': 6.39}]",4119.8,False,34.0,3914.8,3796.63,3.02,4269.3,9.06,3.0,no valid VCP base
HINDUNILVR,None,None,10,4,2,False,"T1_above_ma150_200,T2_ma150_above_200,T3_ma200_uptrend,T4_ma50_above_med,T6_25pct_above_low,T8_rs_rank",8.0,17.1,100.81,WEAKENING,False,50,"[{'high_date': '2025-07-15', 'high': 2507.19, 'low_date': '2025-07-25', 'low': 2396.56, 'pullback_pct': 4.41}, {'high_date': '2025-08-26', 'high': 2671.6, 'low_date': '2025-10-13', 'low': 2473.36, 'pullback_pct': 7.42}, {'high_date': '2025-10-17', 'high': 2583.39, 'low_date': '2025-12-12', 'low': 2260.6, 'pullback_pct': 12.49}, {'high_date': '2026-02-11', 'high': 2462.9, 'low_date': '2026-02-19', 'low': 2279.3, 'pullback_pct': 7.45}, {'high_date': '2026-02-26', 'high': 2383.3, 'low_date': '2026-03-23', 'low': 2052.2, 'pullback_pct': 13.89}, {'high_date': '2026-04-22', 'high': 2368.8, 'low_date': '2026-05-20', 'low': 2215.8, 'pullback_pct': 6.46}]",2368.8,False,28.0,2215.8,2179.3,1.65,2325.31,4.94,3.0,no valid VCP base
ITC,None,None,10,4,1,False,"T1_above_ma150_200,T2_ma150_above_200,T3_ma200_uptrend,T4_ma50_above_med,T6_25pct_above_low,T7_within_25pct_high,T8_rs_rank",6.8,27.8,98.83,IMPROVING,False,50,"[{'high_date': '2025-09-04', 'high': 407.36, 'low_date': '2025-10-14', 'low': 388.65, 'pullback_pct': 4.59}, {'high_date': '2025-10-29', 'high': 412.95, 'low_date': '2026-02-02', 'low': 308.24, 'pullback_pct': 25.36}, {'high_date': '2026-02-18', 'high': 332.45, 'low_date': '2026-03-30', 'low': 287.7, 'pullback_pct': 13.46}, {'high_date': '2026-04-29', 'high': 316.25, 'low_date': '2026-05-12', 'low': 300.7, 'pullback_pct': 4.92}]",316.25,False,21.0,307.4,300.54,2.23,327.99,6.7,3.0,no valid VCP base
ASIANPAINT,None,None,10,2,6,False,"T4_ma50_above_med,T6_25pct_above_low",22.9,12.2,106.34,LEADING,False,50,"[{'high_date': '2025-12-08', 'high': 2928.3, 'low_date': '2025-12-26', 'low': 2746.5, 'pullback_pct': 6.21}, {'high_date': '2026-01-12', 'high': 2896.4, 'low_date': '2026-03-23', 'low': 2121.3, 'pullback_pct': 26.76}, {'high_date': '2026-03-25', 'high': 2270.2, 'low_date': '2026-03-30', 'low': 2165.2, 'pullback_pct': 4.63}, {'high_date': '2026-04-22', 'high': 2562.9, 'low_date': '2026-05-05', 'low': 2430.0, 'pullback_pct': 5.19}]",2562.9,True,28.0,2607.6,2514.9,3.55,2885.7,10.66,3.0,no valid VCP base
POWERGRID,None,None,10,2,5,False,"T5_above_ma50,T6_25pct_above_low,T8_rs_rank",19.6,6.4,100.65,WEAKENING,False,50,"[{'high_date': '2025-06-30', 'high': 290.41, 'low_date': '2025-08-28', 'low': 266.91, 'pullback_pct': 8.09}, {'high_date': '2025-09-24', 'high': 285.25, 'low_date': '2025-09-30', 'low': 272.55, 'pullback_pct': 4.45}, {'high_date': '2025-10-29', 'high': 287.24, 'low_date': '2025-11-06', 'low': 262.78, 'pullback_pct': 8.52}, {'high_date': '2025-11-21', 'high': 274.52, 'low_date': '2025-12-18', 'low': 255.09, 'pullback_pct': 7.08}, {'high_date': '2026-01-05', 'high': 268.63, 'low_date': '2026-01-20', 'low': 251.23, 'pullback_pct': 6.48}, {'high_date': '2026-02-25', 'high': 307.25, 'low_date': '2026-04-02', 'low': 289.95, 'pullback_pct': 5.63}, {'high_date': '2026-04-27', 'high': 320.9, 'low_date': '2026-05-18', 'low': 296.55, 'pullback_pct': 7.59}]",320.9,False,23.0,300.5,295.23,1.75,316.32,5.26,3.0,no valid VCP base
RELIANCE,None,None,8,4,2,False,"T1_above_ma150_200,T3_ma200_uptrend,T4_ma50_above_med,T5_above_ma50,T6_25pct_above_low,T8_rs_rank",3.3,15.4,97.58,IMPROVING,False,40,"[{'high_date': '2026-01-05', 'high': 1578.1, 'low_date': '2026-01-27', 'low': 1380.5, 'pullback_pct': 12.52}, {'high_date': '2026-02-11', 'high': 1468.7, 'low_date': '2026-03-04', 'low': 1345.0, 'pullback_pct': 8.42}, {'high_date': '2026-03-09', 'high': 1424.0, 'low_date': '2026-04-07', 'low': 1304.6, 'pullback_pct': 8.38}, {'high_date': '2026-05-05', 'high': 1463.6, 'low_date': '2026-05-19', 'low': 1322.7, 'pullback_pct': 9.63}]",1463.6,False,15.0,1347.3,1346.51,0.06,1349.66,0.18,3.0,no valid VCP base
HDFCBANK,None,None,8,4,1,False,"T1_above_ma150_200,T2_ma150_above_200,T3_ma200_uptrend,T4_ma50_above_med,T5_above_ma50,T6_25pct_above_low,T8_rs_rank",4.0,24.9,93.82,LAGGING,False,40,"[{'high_date': '2026-03-18', 'high': 843.05, 'low_date': '2026-03-23', 'low': 744.15, 'pullback_pct': 11.73}, {'high_date': '2026-03-25', 'high': 782.3, 'low_date': '2026-03-30', 'low': 731.55, 'pullback_pct': 6.49}, {'high_date': '2026-04-08', 'high': 816.1, 'low_date': '2026-05-13', 'low': 749.6, 'pullback_pct': 8.15}]",816.1,False,42.0,760.6,750.81,1.29,789.96,3.86,3.0,no valid VCP base
BAJFINANCE,None,None,8,4,4,False,"T1_above_ma150_200,T4_ma50_above_med,T6_25pct_above_low,T8_rs_rank",15.2,15.6,100.0,WEAKENING,False,40,"[{'high_date': '2025-07-23', 'high': 968.3, 'low_date': '2025-08-12', 'low': 853.0, 'pullback_pct': 11.91}, {'high_date': '2025-09-24', 'high': 1029.75, 'low_date': '2025-09-26', 'low': 985.1, 'pullback_pct': 4.34}, {'high_date': '2025-10-23', 'high': 1094.15, 'low_date': '2025-11-06', 'low': 1041.9, 'pullback_pct': 4.78}, {'high_date': '2025-11-10', 'high': 1085.0, 'low_date': '2025-11-25', 'low': 986.2, 'pullback_pct': 9.11}, {'high_date': '2025-12-05', 'high': 1048.0, 'low_date': '2026-02-02', 'low': 903.7, 'pullback_pct': 13.77}, {'high_date': '2026-02-23', 'high': 1031.0, 'low_date': '2026-03-23', 'low': 812.6, 'pullback_pct': 21.18}, {'high_date': '2026-03-25', 'high': 882.75, 'low_date': '2026-03-30', 'low': 801.55, 'pullback_pct': 9.2}, {'high_date': '2026-05-06', 'high': 980.75, 'low_date': '2026-05-13', 'low': 896.15, 'pullback_pct': 8.63}]",980.75,False,14.0,923.35,902.29,2.28,986.53,6.84,3.0,no valid VCP base
WIPRO,None,None,8,4,0,False,"T1_above_ma150_200,T2_ma150_above_200,T3_ma200_uptrend,T4_ma50_above_med,T5_above_ma50,T6_25pct_above_low,T7_within_25pct_high,T8_rs_rank",5.4,25.7,96.96,IMPROVING,False,40,"[{'high_date': '2025-07-04', 'high': 258.18, 'low_date': '2025-07-14', 'low': 243.07, 'pullback_pct': 5.85}, {'high_date': '2025-07-18', 'high': 255.21, 'low_date': '2025-08-08', 'low': 233.03, 'pullback_pct': 8.69}, {'high_date': '2025-08-25', 'high': 247.45, 'low_date': '2025-09-08', 'low': 236.42, 'pullback_pct': 4.46}, {'high_date': '2025-09-18', 'high': 250.46, 'low_date': '2025-09-26', 'low': 229.82, 'pullback_pct': 8.24}, {'high_date': '2025-10-16', 'high': 247.42, 'low_date': '2025-11-07', 'low': 230.54, 'pullback_pct': 6.82}, {'high_date': '2025-12-22', 'high': 265.81, 'low_date': '2026-01-23', 'low': 232.4, 'pullback_pct': 12.57}, {'high_date': '2026-02-03', 'high': 242.69, 'low_date': '2026-03-23', 'low': 187.54, 'pullback_pct': 22.72}, {'high_date': '2026-04-16', 'high': 210.26, 'low_date': '2026-05-13', 'low': 187.8, 'pullback_pct': 10.68}]",210.26,False,34.0,197.6,193.44,2.11,210.08,6.32,3.0,no valid VCP base
TATAMOTORS,None,None,8,0,1,False,"T1_above_ma150_200,T2_ma150_above_200,T3_ma200_uptrend,T4_ma50_above_med,T6_25pct_above_low,T7_within_25pct_high,T8_rs_rank",22.0,50.9,100.0,n/a,False,40,"[{'high_date': '2025-07-24', 'high': 700.5, 'low_date': '2025-08-08', 'low': 633.7, 'pullback_pct': 9.54}, {'high_date': '2025-08-19', 'high': 700.25, 'low_date': '2025-08-29', 'low': 669.0, 'pullback_pct': 4.46}, {'high_date': '2025-09-08', 'high': 719.5, 'low_date': '2025-09-25', 'low': 664.3, 'pullback_pct': 7.67}, {'high_date': '2025-10-01', 'high': 718.35, 'low_date': '2025-10-15', 'low': 390.85, 'pullback_pct': 45.59}, {'high_date': '2025-11-03', 'high': 417.0, 'low_date': '2025-12-10', 'low': 343.4, 'pullback_pct': 17.65}, {'high_date': '2026-01-05', 'high': 373.55, 'low_date': '2026-01-20', 'low': 337.85, 'pullback_pct': 9.56}, {'high_date': '2026-02-26', 'high': 391.55, 'low_date': '2026-03-23', 'low': 305.25, 'pullback_pct': 22.04}, {'high_date': '2026-03-25', 'high': 317.95, 'low_date': '2026-03-30', 'low': 296.2, 'pullback_pct': 6.84}, {'high_date': '2026-04-22', 'high': 361.85, 'low_date': '2026-05-05', 'low': 340.15, 'pullback_pct': 6.0}, {'high_date': '2026-05-07', 'high': 359.25, 'low_date': '2026-05-12', 'low': 336.85, 'pullback_pct': 6.24}]",359.25,True,13.0,361.25,345.22,4.44,409.34,13.31,3.0,no valid VCP base
BHARTIARTL,None,None,8,4,3,False,"T1_above_ma150_200,T3_ma200_uptrend,T4_ma50_above_med,T6_25pct_above_low,T8_rs_rank",8.5,11.9,98.48,IMPROVING,False,40,"[{'high_date': '2025-07-07', 'high': 2017.04, 'low_date': '2025-08-12', 'low': 1850.3, 'pullback_pct': 8.27}, {'high_date': '2025-09-19', 'high': 1962.4, 'low_date': '2025-10-01', 'low': 1867.6, 'pullback_pct': 4.83}, {'high_date': '2025-11-04', 'high': 2113.3, 'low_date': '2025-11-07', 'low': 2001.2, 'pullback_pct': 5.3}, {'high_date': '2025-11-21', 'high': 2162.7, 'low_date': '2025-12-11', 'low': 2053.2, 'pullback_pct': 5.06}, {'high_date': '2025-12-22', 'high': 2147.6, 'low_date': '2026-01-28', 'low': 1957.7, 'pullback_pct': 8.84}, {'high_date': '2026-02-06', 'high': 2038.4, 'low_date': '2026-04-01', 'low': 1781.9, 'pullback_pct': 12.58}, {'high_date': '2026-04-29', 'high': 1888.1, 'low_date': '2026-05-12', 'low': 1756.8, 'pullback_pct': 6.95}]",1888.1,True,21.0,1905.4,1839.0,3.48,2104.59,10.45,3.0,no valid VCP base
TATASTEEL,None,None,8,2,7,False,T8_rs_rank,36.6,6.7,102.35,WEAKENING,False,40,"[{'high_date': '2025-07-03', 'high': 165.91, 'low_date': '2025-08-01', 'low': 153.01, 'pullback_pct': 7.78}, {'high_date': '2025-08-20', 'high': 161.92, 'low_date': '2025-08-28', 'low': 153.63, 'pullback_pct': 5.12}, {'high_date': '2025-10-29', 'high': 185.19, 'low_date': '2025-12-09', 'low': 160.67, 'pullback_pct': 13.24}, {'high_date': '2026-01-06', 'high': 186.2, 'low_date': '2026-01-09', 'low': 178.4, 'pullback_pct': 4.19}, {'high_date': '2026-01-29', 'high': 202.32, 'low_date': '2026-02-02', 'low': 188.51, 'pullback_pct': 6.83}, {'high_date': '2026-02-26', 'high': 215.52, 'low_date': '2026-03-13', 'low': 183.51, 'pullback_pct': 14.85}, {'high_date': '2026-03-20', 'high': 196.77, 'low_date': '2026-03-23', 'low': 187.17, 'pullback_pct': 4.88}, {'high_date': '2026-05-14', 'high': 221.13, 'low_date': '2026-05-20', 'low': 206.23, 'pullback_pct': 6.74}]",221.13,False,6.0,206.23,203.44,1.35,214.6,4.06,3.0,no valid VCP base
SUNPHARMA,None,None,8,2,6,False,"T6_25pct_above_low,T8_rs_rank",21.2,1.2,101.42,LEADING,False,40,"[{'high_date': '2025-07-30', 'high': 1722.61, 'low_date': '2025-08-08', 'low': 1576.66, 'pullback_pct': 8.47}, {'high_date': '2025-08-25', 'high': 1646.01, 'low_date': '2025-09-01', 'low': 1553.21, 'pullback_pct': 5.64}, {'high_date': '2025-09-19', 'high': 1645.31, 'low_date': '2025-09-26', 'low': 1576.46, 'pullback_pct': 4.18}, {'high_date': '2025-11-28', 'high': 1819.78, 'low_date': '2026-01-29', 'low': 1579.04, 'pullback_pct': 13.23}, {'high_date': '2026-03-11', 'high': 1825.9, 'low_date': '2026-04-24', 'low': 1620.4, 'pullback_pct': 11.25}]",1825.9,True,70.0,1883.1,1831.09,2.76,2039.12,8.29,3.0,no valid VCP base
M&M,None,None,8,4,2,False,"T1_above_ma150_200,T3_ma200_uptrend,T4_ma50_above_med,T5_above_ma50,T6_25pct_above_low,T8_rs_rank",7.0,17.6,97.12,IMPROVING,False,40,"[{'high_date': '2025-08-22', 'high': 3403.0, 'low_date': '2025-08-29', 'low': 3199.5, 'pullback_pct': 5.98}, {'high_date': '2025-09-09', 'high': 3696.3, 'low_date': '2025-09-26', 'low': 3396.5, 'pullback_pct': 8.11}, {'high_date': '2025-10-17', 'high': 3647.2, 'low_date': '2025-10-31', 'low': 3487.2, 'pullback_pct': 4.39}, {'high_date': '2025-11-28', 'high': 3757.3, 'low_date': '2025-12-18', 'low': 3586.6, 'pullback_pct': 4.54}, {'high_date': '2026-01-02', 'high': 3802.4, 'low_date': '2026-01-29', 'low': 3384.4, 'pullback_pct': 10.99}, {'high_date': '2026-02-10', 'high': 3675.8, 'low_date': '2026-03-13', 'low': 2931.1, 'pullback_pct': 20.26}, {'high_date': '2026-03-18', 'high': 3214.6, 'low_date': '2026-03-23', 'low': 2955.8, 'pullback_pct': 8.05}, {'high_date': '2026-03-25', 'high': 3128.1, 'low_date': '2026-03-30', 'low': 2954.7, 'pullback_pct': 5.54}, {'high_date': '2026-04-10', 'high': 3259.8, 'low_date': '2026-04-24', 'low': 3038.4, 'pullback_pct': 6.79}, {'high_date': '2026-05-07', 'high': 3370.7, 'low_date': '2026-05-18', 'low': 3083.7, 'pullback_pct': 8.51}]",3370.7,False,13.0,3135.0,3101.04,1.08,3236.87,3.25,3.0,no valid VCP base
ADANIENT,None,None,8,2,5,False,"T2_ma150_above_200,T3_ma200_uptrend,T4_ma50_above_med",53.5,1.0,116.32,LEADING,False,40,"[{'high_date': '2025-08-19', 'high': 2388.4, 'low_date': '2025-08-29', 'low': 2244.7, 'pullback_pct': 6.02}, {'high_date': '2025-09-23', 'high': 2676.4, 'low_date': '2025-11-11', 'low': 2294.58, 'pullback_pct': 14.27}, {'high_date': '2025-11-17', 'high': 2462.0, 'low_date': '2025-12-03', 'low': 2189.8, 'pullback_pct': 11.06}, {'high_date': '2025-12-12', 'high': 2282.4, 'low_date': '2026-01-23', 'low': 1864.2, 'pullback_pct': 18.32}, {'high_date': '2026-02-09', 'high': 2250.1, 'low_date': '2026-02-13', 'low': 2136.6, 'pullback_pct': 5.04}, {'high_date': '2026-02-17', 'high': 2242.9, 'low_date': '2026-03-30', 'low': 1758.8, 'pullback_pct': 21.58}, {'high_date': '2026-05-06', 'high': 2540.3, 'low_date': '2026-05-12', 'low': 2405.2, 'pullback_pct': 5.32}]",2540.3,True,14.0,2699.0,2567.44,4.87,3093.68,14.62,3.0,no valid VCP base
JSWSTEEL,None,None,8,2,7,False,T8_rs_rank,32.9,1.0,102.98,WEAKENING,False,40,"[{'high_date': '2025-08-20', 'high': 1082.6, 'low_date': '2025-08-29', 'low': 1026.6, 'pullback_pct': 5.17}, {'high_date': '2025-10-30', 'high': 1210.0, 'low_date': '2025-11-24', 'low': 1106.0, 'pullback_pct': 8.6}, {'high_date': '2025-12-01', 'high': 1168.4, 'low_date': '2025-12-17', 'low': 1079.3, 'pullback_pct': 7.63}, {'high_date': '2026-02-26', 'high': 1280.6, 'low_date': '2026-03-13', 'low': 1119.3, 'pullback_pct': 12.6}, {'high_date': '2026-03-18', 'high': 1180.3, 'low_date': '2026-03-23', 'low': 1109.6, 'pullback_pct': 5.99}]",1180.3,True,63.0,1283.3,1245.43,2.95,1396.92,8.85,3.0,no valid VCP base
TECHM,None,None,6,3,3,False,"T1_above_ma150_200,T3_ma200_uptrend,T4_ma50_above_med,T6_25pct_above_low,T8_rs_rank",8.1,18.6,98.43,IMPROVING,False,30,"[{'high_date': '2025-08-25', 'high': 1511.28, 'low_date': '2025-09-08', 'low': 1445.56, 'pullback_pct': 4.35}, {'high_date': '2025-09-19', 'high': 1537.7, 'low_date': '2025-09-30', 'low': 1385.79, 'pullback_pct': 9.88}, {'high_date': '2025-10-23', 'high': 1463.4, 'low_date': '2025-11-07', 'low': 1386.7, 'pullback_pct': 5.24}, {'high_date': '2025-12-22', 'high': 1646.7, 'low_date': '2026-01-08', 'low': 1577.9, 'pullback_pct': 4.18}, {'high_date': '2026-01-29', 'high': 1768.4, 'low_date': '2026-03-06', 'low': 1331.7, 'pullback_pct': 24.69}, {'high_date': '2026-04-17', 'high': 1511.4, 'low_date': '2026-04-24', 'low': 1358.5, 'pullback_pct': 10.12}, {'high_date': '2026-04-30', 'high': 1473.5, 'low_date': '2026-05-14', 'low': 1343.4, 'pullback_pct': 8.83}]",1473.5,False,20.0,1439.6,1379.75,4.16,1619.15,12.47,3.0,no valid VCP base
ICICIBANK,None,None,0,4,1,False,"T1_above_ma150_200,T2_ma150_above_200,T3_ma200_uptrend,T4_ma50_above_med,T5_above_ma50,T6_25pct_above_low,T8_rs_rank",2.5,16.4,95.93,LAGGING,False,0,[],,False,,1235.6,1204.16,2.54,1329.91,7.63,3.0,no valid VCP base
NTPC,None,None,0,2,6,False,"T6_25pct_above_low,T8_rs_rank",24.1,4.4,101.81,WEAKENING,False,0,[],,False,,392.35,380.21,3.09,428.77,9.28,3.0,no valid VCP base
