Symbol,Underlying,Asset_Class,Issuer,AUM_Cr,TER_Pct,Turnover_60D_Cr,Premium_Pct,CAGR_1Y,CAGR_3Y,CAGR_5Y,History_Yrs,Track_Diff_3Y,Track_Diff_1Y
NIF100IETF,Nifty 100,BROAD_EQUITY,ICICI,,,0.22,0.26,-0.11,10.49,9.28,5.0,,
NIFTYBEES,Nifty 50,BROAD_EQUITY,Nippon,,,160.94,-0.23,-2.06,9.06,8.99,5.0,,
MULTICAP,Nifty 500,BROAD_EQUITY,Nippon,,,0.27,-0.23,4.28,,,2.0,,
MID150BEES,Nifty Midcap 150,BROAD_EQUITY,Nippon,,,15.08,-0.08,9.44,17.78,18.36,5.0,0.0,-0.35
MIDCAPETF,Nifty Midcap 150,BROAD_EQUITY,ICICI,,,4.88,0.1,9.79,17.25,,3.0,-0.53,0.0
JUNIORBEES,Nifty Next 50,BROAD_EQUITY,Nippon,,,26.1,-0.03,10.01,19.69,14.05,5.0,0.0,0.0
NEXT50IETF,Nifty Next 50,BROAD_EQUITY,ICICI,,,5.78,-0.09,9.76,19.57,14.04,5.0,-0.12,-0.25
SMALLCAP,Nifty Smallcap250,BROAD_EQUITY,ICICI,,,7.87,-0.13,7.23,,,2.5,,
GOLDIETF,Gold (INR),COMMODITY,ICICI,,,59.9,1.22,59.88,38.88,26.75,5.0,0.0,-0.33
GOLDBEES,Gold (INR),COMMODITY,Nippon,,,259.46,1.32,59.66,38.68,26.55,5.0,-0.2,-0.55
GOLDETF,Gold (INR),COMMODITY,Kotak,,,13.28,1.23,59.77,38.54,,3.0,-0.34,-0.44
GOLD1,Gold (INR),COMMODITY,HDFC,,,22.38,1.4,60.21,,,2.4,,0.0
AXISGOLD,Gold (INR),COMMODITY,Axis,,,,,,,,0.1,,
SILVERIETF,Silver (INR),COMMODITY,ICICI,,,71.04,-0.34,108.04,47.73,,4.6,0.0,0.0
SILVERBEES,Silver (INR),COMMODITY,Nippon,,,504.67,-0.27,107.44,47.34,,4.5,-0.39,-0.6
GILT5YBEES,5Y G-Sec,DEBT,Nippon,,,1.45,0.04,6.11,7.85,6.38,5.0,,
LIQUIDBEES,Overnight,DEBT,Nippon,,,289.21,0.0,0.0,0.0,0.0,5.0,,0.0
LIQUIDIETF,Overnight,DEBT,ICICI,,,44.86,0.0,0.0,,,2.7,,0.0
HNGSNGBEES,Hang Seng,INTERNATIONAL,Nippon,,,5.51,0.95,2.44,20.77,7.63,5.0,,
MAFANG,NYSE FANG+,INTERNATIONAL,Mirae,,,2.94,19.38,34.05,49.44,31.13,5.0,,
MON100,Nasdaq 100,INTERNATIONAL,MOAMC,,,12.21,19.61,61.51,39.78,23.77,5.0,,
MASPTOP50,S&P 500 Top 50,INTERNATIONAL,Mirae,,,0.54,19.46,26.17,35.17,23.65,4.9,,
AUTOBEES,Nifty Auto,SECTOR,Nippon,,,5.83,0.17,15.82,24.56,,4.6,,0.0
AUTOIETF,Nifty Auto,SECTOR,ICICI,,,1.78,-0.13,15.61,,,4.6,,-0.21
BANKBEES,Nifty Bank,SECTOR,Nippon,,,50.28,-0.69,4.46,9.7,10.66,5.0,0.0,0.0
BANKIETF,Nifty Bank,SECTOR,ICICI,,,2.68,-0.81,4.28,8.77,10.68,5.0,-0.93,-0.18
FMCGIETF,Nifty FMCG,SECTOR,ICICI,,,5.5,-0.03,-14.24,-1.36,5.77,5.0,,
BFSI,Nifty Fin Svcs,SECTOR,Nippon,,,1.02,-0.36,0.07,10.95,9.38,5.0,,
HEALTHIETF,Nifty Healthcare,SECTOR,ICICI,,,1.78,0.22,11.82,20.83,13.79,5.0,,
ITBEES,Nifty IT,SECTOR,Nippon,,,47.87,0.22,-14.0,1.63,-0.33,5.0,0.0,0.0
ITIETF,Nifty IT,SECTOR,ICICI,,,2.95,-0.1,-14.04,1.5,-0.42,5.0,-0.13,-0.04
METAL,Nifty Metal,SECTOR,Nippon,,,3.27,1.47,42.58,,,1.9,,
OILIETF,Nifty Oil & Gas,SECTOR,ICICI,,,1.73,-0.06,0.53,,,2.1,,
PSUBANK,Nifty PSU Bank,SECTOR,Kotak,,,0.9,-0.76,22.54,23.93,30.89,5.0,0.0,0.0
PSUBNKBEES,Nifty PSU Bank,SECTOR,Nippon,,,21.25,-1.17,22.53,23.61,30.8,5.0,-0.32,-0.01
PHARMABEES,Nifty Pharma,SECTOR,Nippon,,,13.39,-0.18,17.98,21.05,14.25,5.0,,
PVTBANIETF,Nifty Pvt Bank,SECTOR,ICICI,,,9.09,0.1,3.84,6.78,9.07,5.0,,
MOM100,Nifty 200 Mom 30,SMART_BETA,MOAMC,,,2.08,0.15,10.99,18.9,19.26,5.0,,0.0
MOM30IETF,Nifty 200 Mom 30,SMART_BETA,ICICI,,,2.14,0.56,1.51,,,2.7,,-9.48
QUAL30IETF,Nifty 200 Q30,SMART_BETA,ICICI,,,0.21,-0.76,0.05,10.15,,3.0,,
ALPHAETF,Nifty Alpha 50,SMART_BETA,Kotak,,,0.98,0.1,5.82,,,2.8,,
LOWVOLIETF,Nifty100 LV30,SMART_BETA,ICICI,,,3.03,-0.77,-1.21,11.45,10.35,5.0,,
NV20IETF,Nifty50 Value 20,SMART_BETA,ICICI,,,0.45,-0.64,-6.18,7.04,8.18,5.0,,
CPSEETF,Nifty CPSE,THEMATIC,Nippon,,,9.19,-0.21,4.94,25.54,29.96,5.0,,
DEFENCE,Nifty Defence,THEMATIC,MOAMC,,,1.6,-0.51,,,,0.5,,
EVINDIA,Nifty EV & NewAuto,THEMATIC,Mirae,,,0.81,-0.17,10.71,,,2.1,,
CONSUMBEES,Nifty India Consumption,THEMATIC,Nippon,,,1.11,-0.78,-2.1,13.58,13.06,5.0,,
INFRABEES,Nifty Infrastructure,THEMATIC,Nippon,,,0.7,-0.59,2.12,15.97,15.42,5.0,,
MAKEINDIA,Nifty Mfg,THEMATIC,Kotak,,,0.53,0.24,13.76,19.37,,3.0,,
