Symbol,Name,Asset_Class,Sub_Category,Underlying,Issuer,Liquidity_Tier,Structure_Source,Liquidity_Score,Trend_Score,RS_Score,Rotation_Score,Total_Score,Grade,Stage,RRG_Quadrant,Rotation_Vector,LTP,SMA50,SMA200,MA200_Slope_pct,Above_SMA200,Mansfield_RS,RS_Momentum_4W,Vol_60D_Lakhs,Turnover_60D_Cr,Dist_52WH_pct,Signal
MAFANG,Mirae Asset NYSE FANG+ ETF,INTERNATIONAL,INTERNATIONAL.NYSE FANG+,NYSE FANG+,Mirae,B,etf,6,10,10,10,36,⭐⭐⭐ A+,2,LEADING,LEADING,248.07,207.36,189.42,4.63,True,37.19,23.67,1.69,3.29,0.0,🟢 BUY-LEADER
PHARMABEES,Nippon Pharma ETF (PHARMABEES),SECTOR,SECTOR.NIFTY PHARMA,Nifty Pharma,Nippon,A,index:NIFTY PHARMA,10,10,7,5,32,⭐⭐⭐ A+,2,WEAKENING,LEADING,27.5,27.12,24565.93,2.5,True,12.7,2.48,42.25,11.62,-2.23,🟠 HOLD-WATCH
MASPTOP50,Mirae Asset S&P 500 Top 50 ETF,INTERNATIONAL,INTERNATIONAL.S&P 500 TOP 50,S&P 500 Top 50,Mirae,D,etf,2,10,10,10,32,⭐⭐⭐ A+,2,LEADING,LEADING,124.48,83.45,78.77,4.06,True,64.87,58.69,0.99,0.8,0.0,⚠ ILLIQUID
ALPHA,Kotak Nifty Alpha 50 ETF,SMART_BETA,SMART_BETA.NIFTY ALPHA 50,NIFTY ALPHA 50,Kotak,B,index:NIFTY ALPHA 50,6,9,8,8,31,⭐⭐ A,2,LEADING,STABLE,53.72,53.21,52411.4,1.75,True,8.12,0.79,8.36,4.41,-4.54,🟢 BUY-LEADER
MOMENTUM50,Motilal Oswal Nifty 500 Momentum 50 ETF,SMART_BETA,SMART_BETA.NIFTY 500 MOMENTUM 50,Nifty 500 Momentum 50,Motilal,C,etf (index NIFTY500MOMENTM50 unavailable),6,10,6,8,30,⭐⭐ A,2,LEADING,STABLE,53.97,53.68,52.0,0.91,True,4.46,2.41,4.48,2.41,-2.69,🟢 BUY-LEADER
MONQ50,Motilal Oswal Nasdaq Quality 50 ETF,INTERNATIONAL,INTERNATIONAL.NASDAQ QUALITY 50,Nasdaq Quality 50,Motilal,D,etf,0,10,10,10,30,⭐⭐ A,2,LEADING,LEADING,396.3,163.1,141.95,11.86,True,215.79,191.25,0.31,0.44,0.0,⚠ ILLIQUID
HDFCSML250,HDFC Nifty Small Cap 250 ETF,BROAD_EQUITY,BROAD_EQUITY.NIFTY SMALLCAP 250,NIFTY Smallcap 250,HDFC,A,index:NIFTY SMALLCAP 250,10,9,7,4,30,⭐⭐ A,2,WEAKENING,STABLE,184.55,183.57,17038.89,1.97,True,8.92,1.06,13.4,24.52,-2.8,🟠 HOLD-WATCH
MON100,Motilal Oswal Nasdaq 100 ETF,INTERNATIONAL,INTERNATIONAL.NASDAQ 100,Nasdaq 100,Motilal,A,etf,10,10,6,4,30,⭐⭐ A,2,WEAKENING,FADING,330.33,328.13,302.04,4.44,True,18.02,-0.95,3.75,12.27,-4.17,🟠 HOLD-WATCH
SMALLCAP,Mirae Ast Nifty Smallcap 250 MQ 100 ETF,SMART_BETA,SMART_BETA.NIFTY SMALLCAP250 MOMENTUM QUALITY 100,Nifty Smallcap250 Momentum Quality 100,Mirae,B,index:NIFTYSML250MQ 100,8,9,7,4,28,⭐⭐ A,2,WEAKENING,STABLE,49.09,48.18,45041.16,2.1,True,9.96,1.44,16.12,7.8,-2.76,🟠 HOLD-WATCH
MOREALTY,Motilal Oswal Nifty Realty ETF,SECTOR,SECTOR.NIFTY REALTY,Nifty Realty,Motilal,B,index:NIFTY REALTY,8,8,4,7,27,⭐⭐ A,2,LEADING,FADING,85.27,89.64,814.21,1.08,True,2.46,-3.69,6.75,6.18,-13.87,🟢 BUY-LEADER
GOLDIETF,ICICI Pru Gold ETF,COMMODITY,COMMODITY.GOLD,Gold,ICICI,A,etf,10,8,3,5,26,⭐⭐ A,2,IMPROVING,DECAY,131.16,127.62,128.5,-0.11,True,4.22,-1.45,48.36,60.88,-14.46,🟡 ACCUMULATE
LIQUID1,LIQUID1,DEBT,DEBT.LIQUID,Overnight / Liquid,Nippon,A,etf,10,9,5,2,26,⭐⭐ A,2,LAGGING,BREAKOUT,1123.38,1118.13,1108.35,0.37,True,2.67,2.68,7.75,86.7,0.0,⚪ NEUTRAL
MODEFENCE,Motilal Oswal Nifty India Defence ETF,SECTOR,SECTOR.NIFTY INDIA DEFENCE,Nifty India Defence,Motilal,A,index:NIFTY IND DEFENCE,10,8,5,3,26,⭐⭐ A,2,WEAKENING,DECAY,103.28,104.96,9028.05,2.53,True,8.68,-5.08,12.59,13.3,-7.27,🟠 HOLD-WATCH
AUTOBEES,Nippon Auto ETF (AUTOBEES),SECTOR,SECTOR.NIFTY AUTO,Nifty Auto,Nippon,B,index:NIFTY AUTO,8,7,4,7,26,⭐⭐ A,2,LEADING,DECAY,282.71,291.54,26828.62,0.15,True,1.73,-4.82,1.92,5.53,-8.39,🟢 BUY-LEADER
MOCAPITAL,Motilal Oswal Nifty Capital Market ETF,SECTOR,SECTOR.NIFTY CAPITAL MARKETS,Nifty Capital Markets,Motilal,B,index:Nifty Capital Mkt,6,8,7,4,25,⭐ B,2,WEAKENING,LEADING,53.58,53.87,5187.99,1.93,True,6.13,0.41,8.83,4.7,-7.08,🟠 HOLD-WATCH
SML100CASE,Zerodha Nifty Smallcap 100 ETF,BROAD_EQUITY,BROAD_EQUITY.NIFTY SMALLCAP 100,NIFTY Smallcap 100,Zerodha,D,index:NIFTY SMALLCAP 100,4,9,7,5,25,⭐ B,2,WEAKENING,STABLE,11.32,11.18,18273.12,2.23,True,10.41,1.23,11.75,1.32,-2.97,⚠ ILLIQUID
HEALTHIETF,ICICI Pru Nifty Healthcare ETF,SECTOR,SECTOR.NIFTY HEALTHCARE,Nifty Healthcare,ICICI,D,index:NIFTY HEALTHCARE,4,9,7,4,24,⭐ B,2,WEAKENING,LEADING,170.91,169.71,15598.05,2.0,True,9.83,2.71,1.06,1.77,-2.43,⚠ ILLIQUID
METALIETF,ICICI Pru Nifty Metal ETF,SECTOR,SECTOR.NIFTY METAL,Nifty Metal,ICICI,A,index:NIFTY METAL,8,8,5,3,24,⭐ B,2,WEAKENING,DECAY,13.08,13.03,12661.22,1.46,True,6.64,-0.57,69.35,9.16,-6.27,🟠 HOLD-WATCH
TNIDETF,Tata Nifty India Digital ETF,THEMATIC,THEMATIC.NIFTY INDIA DIGITAL,Nifty India Digital,Tata,D,index:NIFTY IND DIGITAL,2,7,6,8,23,⭐ B,2,LEADING,STABLE,88.34,88.72,8028.5,0.08,True,3.1,1.69,0.82,0.73,-12.33,⚠ ILLIQUID
NEXT50IETF,ICICI Pru Nifty Next 50 ETF,BROAD_EQUITY,BROAD_EQUITY.NIFTY NEXT 50,Nifty Next 50,ICICI,B,index:NIFTYNXT50,8,9,3,3,23,⭐ B,2,WEAKENING,DECAY,76.39,77.17,70297.44,0.79,True,3.41,-1.4,6.67,5.14,-4.85,🟠 HOLD-WATCH
MIDCAPETF,Mirae Asset Nifty Midcap 150 ETF,BROAD_EQUITY,BROAD_EQUITY.NIFTY MIDCAP 150,Nifty Midcap 150,Mirae,B,index:NIFTY MIDCAP 150,8,9,3,3,23,⭐ B,2,WEAKENING,FADING,23.37,23.67,22264.46,0.8,True,3.26,-0.72,23.23,5.39,-4.12,🟠 HOLD-WATCH
FINIETF,ICICI Pru Nifty Fin Svc Ex-Bank ETF,SECTOR,SECTOR.NIFTY FINANCIAL SERVICES EX BANK,Nifty Financial Services Ex Bank,ICICI,C,index:NIFTY FINSEREXBNK,4,7,4,7,22,⭐ B,2,LEADING,DECAY,32.28,32.88,31140.8,0.25,True,1.17,-0.79,3.1,1.01,-5.98,⚠ ILLIQUID
MIDSMALL,Mirae Asset Nifty MS400 MQ 100 ETF,SMART_BETA,SMART_BETA.NIFTY MIDSMALLCAP 400,Nifty MidSmallCap 400,Mirae,D,index:NIFTY MIDSMALLCAP 400,4,9,5,3,21,⭐ B,2,WEAKENING,DECAY,51.4,51.54,20349.11,1.2,True,5.16,-0.12,2.63,1.36,-3.53,⚠ ILLIQUID
ALPHAETF,Mirae Asset Nifty 200 Alpha 30 ETF,SMART_BETA,SMART_BETA.NIFTY 200 ALPHA 30,Nifty 200 Alpha 30,Mirae,D,index:NIFTY200 ALPHA 30,4,8,5,4,21,⭐ B,2,WEAKENING,STABLE,26.33,26.43,25547.71,0.91,True,4.0,0.85,4.15,1.09,-5.08,⚠ ILLIQUID
GROWWCAPM,Groww Nifty Capital Markets ETF,SECTOR,SECTOR.NIFTY CAPITAL MARKET,Nifty Capital Market,Groww,D,index:Nifty Capital Mkt,2,8,7,4,21,⭐ B,2,WEAKENING,LEADING,11.24,11.31,5187.99,1.93,True,6.13,0.41,4.64,0.52,-7.08,⚠ ILLIQUID
EVINDIA,Mirae Asset Nifty EV & New Age Auto ETF,SECTOR,SECTOR.NIFTY EV AND NEW AGE AUTO,Nifty EV and New Age Auto,Mirae,D,index:NIFTY EV,2,8,4,7,21,⭐ B,2,LEADING,DECAY,32.0,32.76,3071.01,0.88,True,4.17,-4.24,2.45,0.78,-7.29,⚠ ILLIQUID
MOM100,Motilal Oswal Nifty Midcap 100 ETF,BROAD_EQUITY,BROAD_EQUITY.NIFTY MIDCAP 100,NIFTY Midcap 100,Motilal,C,index:NIFTY MIDCAP 150,4,9,3,3,19,C,2,WEAKENING,FADING,66.95,68.0,22264.46,0.8,True,3.26,-0.72,2.85,1.92,-4.12,⚠ ILLIQUID
ITBEES,Nippon Nifty IT ETF (ITBEES),SECTOR,SECTOR.NIFTY IT,Nifty IT,Nippon,A,index:NIFTYIT,10,0,2,6,18,C,4,IMPROVING,CHURNING,31.94,33.46,29467.78,-2.09,False,-6.98,0.42,125.03,40.65,-26.17,🔴 AVOID-DOWNTREND
MOM30IETF,ICICI Pru Nifty 200 Momentum 30 ETF,SMART_BETA,SMART_BETA.NIFTY 200 MOMENTUM 30,Nifty 200 Momentum 30,ICICI,C,etf (index NIFTY200MOMENTM30 unavailable),4,7,5,2,18,C,2,LAGGING,BREAKOUT,31.08,31.26,30.84,0.03,True,0.59,1.8,6.36,1.99,-5.1,⚠ ILLIQUID
MIDCAP,Kotak Nifty Midcap 50 ETF,BROAD_EQUITY,BROAD_EQUITY.NIFTY MID CAP 50,Nifty Mid Cap 50,Kotak,D,index:NIFTY MIDCAP 150,2,9,3,3,17,C,2,WEAKENING,FADING,18.29,18.5,22264.46,0.8,True,3.26,-0.72,3.75,0.69,-4.12,⚠ ILLIQUID
PVTBANIETF,ICICI Pru Nifty Private Bank ETF,SECTOR,SECTOR.NIFTY PRIVATE BANK,Nifty Private Bank,ICICI,A,index:NIFTY PVT BANK,8,2,5,2,17,C,3,LAGGING,BREAKOUT,27.7,27.89,27028.87,-0.57,True,0.24,3.0,28.04,7.8,-6.92,⚪ NEUTRAL
SILVERIETF,ICICI Pru Silver ETF,COMMODITY,COMMODITY.SILVER,Silver,ICICI,A,etf,10,1,0,5,16,C,4,IMPROVING,COLLAPSED,233.89,226.68,237.46,-0.77,False,-0.93,-1.23,29.31,65.31,-36.31,🔴 AVOID-DOWNTREND
BANKNIFTY1,Kotak Nifty Bank ETF,SECTOR,SECTOR.NIFTY BANK,Nifty Bank,Kotak,B,index:BANKNIFTY,6,2,2,6,16,C,3,IMPROVING,IGNITE,58.54,59.53,56217.87,-0.79,True,-0.89,0.87,4.1,2.44,-8.44,⚪ NEUTRAL
MAKEINDIA,Mirae Asset Nifty India Mfg. ETF,THEMATIC,THEMATIC.NIFTY INDIA MANUFACTURING,Nifty India Manufacturing,Mirae,D,index:NIFTY INDIA MFG,2,8,3,3,16,C,2,WEAKENING,DECAY,162.62,165.34,15722.44,0.69,True,3.0,-1.77,0.36,0.59,-5.02,⚠ ILLIQUID
NIFTYBEES,Nippon Nifty 50 ETF (NIFTYBEES),BROAD_EQUITY,BROAD_EQUITY.NIFTY 50,Nifty 50,Nippon,A,index:NIFTY,10,0,0,5,15,C,4,IMPROVING,FALLING,266.53,274.42,23894.73,-1.01,False,-3.94,-0.24,53.65,145.34,-11.33,🔴 AVOID-DOWNTREND
PSUBNKBEES,Nippon Nifty PSU Bank ETF (PSUBNKBEES),SECTOR,SECTOR.NIFTY PSU BANK,Nifty PSU Bank,Nippon,A,index:NIFTY PSU BANK,10,0,0,5,15,C,4,IMPROVING,LAGGING,92.65,94.81,8531.91,-0.97,False,-2.37,-1.43,16.88,16.17,-16.37,🔴 AVOID-DOWNTREND
CONSUMBEES,Nippon Nifty Cons. ETF (CONSUMBEES),THEMATIC,THEMATIC.NIFTY CONSUMPTION,Nifty Consumption,Nippon,D,index:NIFTY CONSUMPTION,4,2,1,7,14,C,1,LEADING,COLLAPSED,128.32,131.94,11448.37,-0.05,False,-0.18,-1.25,0.79,1.02,-9.58,⚠ ILLIQUID
ENERGY,Mirae Asset Nifty Energy ETF,THEMATIC,THEMATIC.NIFTY ENERGY,Nifty Energy,Mirae,D,index:NIFTY ENERGY,4,3,5,2,14,C,1,LAGGING,LEADING,38.14,38.67,38542.96,0.74,False,1.06,0.48,2.91,1.14,-10.0,⚠ ILLIQUID
OILIETF,ICICI Pru Nifty Oil & Gas ETF,COMMODITY,COMMODITY.NIFTY OIL AND GAS,Nifty Oil and Gas,ICICI,C,index:NIFTY OIL AND GAS,4,0,2,6,12,D,4,IMPROVING,IGNITE,11.14,11.31,11240.39,-1.09,False,-3.69,0.84,13.43,1.53,-12.1,⚠ ILLIQUID
CPSEETF,CPSE ETF,THEMATIC,THEMATIC.NIFTY CPSE,Nifty CPSE,,B,index:NIFTYCPSE,8,0,2,2,12,D,4,LAGGING,IGNITE,92.58,94.31,6852.39,-0.83,False,-4.91,1.83,8.12,7.68,-15.64,🔴 AVOID-DOWNTREND
FMCGIETF,ICICI Pru Nifty FMCG ETF,SECTOR,SECTOR.NIFTY FMCG,Nifty FMCG,ICICI,B,index:NIFTY FMCG,8,0,2,2,12,D,4,LAGGING,IGNITE,49.28,51.4,48719.27,-1.46,False,-7.69,0.63,13.37,6.79,-19.99,🔴 AVOID-DOWNTREND
TOP100CASE,Zerodha Nifty 100 ETF,BROAD_EQUITY,BROAD_EQUITY.NIFTY 100,Nifty 100,Zerodha,D,index:NIFTY 100,2,0,2,6,10,D,4,IMPROVING,IGNITE,10.3,10.58,24849.25,-0.63,False,-2.26,0.02,7.12,0.75,-9.46,⚠ ILLIQUID
LOWVOL1,Kotak Nifty 100 Low Volatility 30 ETF,SMART_BETA,SMART_BETA.NIFTY 100 LOW VOLATILITY 30,Nifty 100 Low Volatility 30,Kotak,D,index:NIFTY100 LOW VOLATILITY 30,4,0,0,5,9,D,4,IMPROVING,FALLING,20.37,21.18,19745.27,-0.51,False,-2.1,-0.67,5.04,1.05,-9.33,⚠ ILLIQUID
NV20IETF,ICICI Pru Nifty 50 Value 20 ETF,SMART_BETA,SMART_BETA.NIFTY50 VALUE 20 INDEX,Nifty50 Value 20 Index,ICICI,D,index:NIFTY50 VALUE 20,0,0,2,6,8,D,4,IMPROVING,IGNITE,13.2,13.62,12033.9,-1.53,False,-5.96,1.07,3.33,0.45,-14.34,⚠ ILLIQUID
HNGSNGBEES,Nippon Hang Seng ETF (HNGSNGBEES),INTERNATIONAL,INTERNATIONAL.HANG SENG,Hang Seng,Nippon,B,etf,6,0,0,1,7,D,4,LAGGING,FALLING,463.3,478.99,497.2,-2.03,False,-7.79,-0.18,0.9,4.34,-18.19,🔴 AVOID-DOWNTREND
MONIFTY500,Motilal Oswal Nifty 500 ETF,BROAD_EQUITY,BROAD_EQUITY.NIFTY 500,Nifty 500,Motilal,C,index:NIFTY 500,4,2,0,1,7,D,1,LAGGING,COLLAPSED,23.45,23.87,22752.49,-0.07,False,-0.0,-0.0,4.91,1.15,-5.99,⚠ ILLIQUID
BFSI,Mirae Asset Nifty Financial Service ETF,SECTOR,SECTOR.FINNIFTY,Finnifty,Mirae,D,index:FINNIFTY,2,0,2,2,6,D,4,LAGGING,IGNITE,26.58,27.24,25969.63,-0.98,False,-2.99,0.77,2.47,0.67,-11.05,⚠ ILLIQUID
INFRAIETF,ICICI Pru Nifty Infrastructure ETF,THEMATIC,THEMATIC.NIFTY INFRA,NIFTY Infra,ICICI,D,index:NIFTYINFRA,4,0,0,1,5,D,4,LAGGING,FALLING,92.96,95.67,9247.05,-0.42,False,-2.22,-0.33,1.3,1.26,-8.16,⚠ ILLIQUID
CHEMICAL,Kotak Nifty Chemicals ETF,SECTOR,SECTOR.NIFTY CHEMICALS,Nifty Chemicals,Kotak,D,etf,4,0,0,0,4,D,0,n/a,n/a,29.43,30.25,,0.0,False,,,4.22,1.29,-5.16,⚠ ILLIQUID
COMMOIETF,ICICI Pru Nifty Commodities ETF,THEMATIC,THEMATIC.NIFTY COMMODITIES,Nifty Commodities,ICICI,D,index:NIFTY COMMODITIES,0,2,0,1,3,D,1,LAGGING,FALLING,97.5,99.83,9853.04,-0.07,False,-1.14,-0.08,0.46,0.46,-9.54,⚠ ILLIQUID
