Symbol,BuyPrice,StopLoss,Target,LTP,ATR14,Weinstein_Stage,Mansfield_RS,R_Multiple,Exit_Flag,Exit_Reasons,Recommendations,Recommendations_Str
COALINDIA,431.3671,391.5,500.4,432.0,8.86,4,-3.586,0.02,ACTION,🔴 STAGE 4 BREAKDOWN: trend broken — exit candidate | 🟠 RS FADE: Mansfield RS = -3.59 (negative vs CNX500),"[{'action': 'EXIT_FULL', 'qty_pct': 100, 'new_sl': None, 'trail_method': None, 'reason': 'Stage 4 breakdown -- trend broken; exit fully. [regime=4/10]'}]",[EXIT_FULL] qty=100% sl=None — Stage 4 breakdown -- trend broken; exit fully. [regime=4/10]
SAILIFE,1049.15,1420.5,1442.2,1591.1,61.3,2,30.83,54195.0,ACTION,🟢 TARGET HIT (LTP=1591.10 ≥ T1=1442.20) — consider booking / trailing,"[{'action': 'TRIM_AND_TRAIL', 'qty_pct': 50, 'new_sl': 1513.09, 'trail_method': 'Chandelier (22-bar high - 3xATR)', 'reason': 'At 54195.0R (threshold 3.0R) -- book half, trail the rest with Chandelier. [regime=4/10]'}]","[TRIM_AND_TRAIL] qty=50% sl=1513.09 — At 54195.0R (threshold 3.0R) -- book half, trail the rest with Chandelier. [regime=4/10]"
ANANDRATHI,1787.7797,1989.5,2205.5,2200.8,43.33,2,15.36,41302.03,ACTION,"✅ All clear | 📌 At 41302.0R (threshold 3.0R) -- book half, trail the rest with Chandelier. [regime=4/10]","[{'action': 'TRIM_AND_TRAIL', 'qty_pct': 50, 'new_sl': 2125.01, 'trail_method': 'Chandelier (22-bar high - 3xATR)', 'reason': 'At 41302.0R (threshold 3.0R) -- book half, trail the rest with Chandelier. [regime=4/10]'}]","[TRIM_AND_TRAIL] qty=50% sl=2125.01 — At 41302.0R (threshold 3.0R) -- book half, trail the rest with Chandelier. [regime=4/10]"
NESTLEIND,1438.3652,1325.5,0.0,1386.2,27.32,3,-1.523,-0.46,ACTION,🟠 STAGE 3 TOPPING: distribution risk — review / trim | 🟠 RS FADE: Mansfield RS = -1.52 (negative vs CNX500),"[{'action': 'TRIM_DEFENSIVE', 'qty_pct': 25, 'new_sl': 1438.37, 'trail_method': 'Static SL at entry', 'reason': 'Stage 3 topping -- trim 25% and tighten to entry. [regime=4/10]'}]",[TRIM_DEFENSIVE] qty=25% sl=1438.37 — Stage 3 topping -- trim 25% and tighten to entry. [regime=4/10]
NAM-INDIA,1068.1042,1082.5,0.0,1185.0,32.72,2,8.435,11689.58,ACTION,"✅ All clear | 📌 At 11689.6R (threshold 3.0R) -- book half, trail the rest with Chandelier. [regime=4/10]","[{'action': 'TRIM_AND_TRAIL', 'qty_pct': 50, 'new_sl': 1171.35, 'trail_method': 'Chandelier (22-bar high - 3xATR)', 'reason': 'At 11689.6R (threshold 3.0R) -- book half, trail the rest with Chandelier. [regime=4/10]'}]","[TRIM_AND_TRAIL] qty=50% sl=1171.35 — At 11689.6R (threshold 3.0R) -- book half, trail the rest with Chandelier. [regime=4/10]"
NETWEB,4471.6123,4488.5,6445.5,5017.0,214.32,2,15.009,54538.77,ACTION,"✅ All clear | 📌 At 54538.8R (threshold 3.0R) -- book half, trail the rest with Chandelier. [regime=4/10]","[{'action': 'TRIM_AND_TRAIL', 'qty_pct': 50, 'new_sl': 5170.04, 'trail_method': 'Chandelier (22-bar high - 3xATR)', 'reason': 'At 54538.8R (threshold 3.0R) -- book half, trail the rest with Chandelier. [regime=4/10]'}]","[TRIM_AND_TRAIL] qty=50% sl=5170.04 — At 54538.8R (threshold 3.0R) -- book half, trail the rest with Chandelier. [regime=4/10]"
CAPLIPOINT,2531.5273,2366.5,2716.2,2792.0,104.33,2,24.773,1.58,ACTION,🟢 TARGET HIT (LTP=2792.00 ≥ T1=2716.20) — consider booking / trailing,"[{'action': 'MOVE_TO_BREAKEVEN', 'qty_pct': 0, 'new_sl': 2531.53, 'trail_method': 'Breakeven', 'reason': 'At 1.6R (threshold 1.0R) -- risk-free trade; move SL to breakeven. [regime=4/10]'}]",[MOVE_TO_BREAKEVEN] qty=0% sl=2531.53 — At 1.6R (threshold 1.0R) -- risk-free trade; move SL to breakeven. [regime=4/10]
VIJAYA,1418.2908,1275.5,0.0,1498.8,45.66,2,18.361,0.56,OK,✅ All clear,[],
LAURUSLABS,1613.2267,1722.5,0.0,1945.0,47.56,2,34.559,33177.33,ACTION,"✅ All clear | 📌 At 33177.3R (threshold 3.0R) -- book half, trail the rest with Chandelier. [regime=4/10]","[{'action': 'TRIM_AND_TRAIL', 'qty_pct': 50, 'new_sl': 1812.32, 'trail_method': 'Chandelier (22-bar high - 3xATR)', 'reason': 'At 33177.3R (threshold 3.0R) -- book half, trail the rest with Chandelier. [regime=4/10]'}]","[TRIM_AND_TRAIL] qty=50% sl=1812.32 — At 33177.3R (threshold 3.0R) -- book half, trail the rest with Chandelier. [regime=4/10]"
APOLLOHOSP,8876.228,8275.5,0.0,8900.0,144.05,2,6.229,0.04,OK,✅ All clear,[],
SONACOMS,770.11084,718.5,0.0,803.5,20.97,2,23.296,0.65,OK,✅ All clear,[],
CUMMINSIND,5456.5,4810.5,0.0,5155.0,110.43,3,-4.619,-0.47,ACTION,🟠 STAGE 3 TOPPING: distribution risk — review / trim | 🟠 RS FADE: Mansfield RS = -4.62 (negative vs CNX500),"[{'action': 'TRIM_DEFENSIVE', 'qty_pct': 25, 'new_sl': 5456.5, 'trail_method': 'Static SL at entry', 'reason': 'Stage 3 topping -- trim 25% and tighten to entry. [regime=4/10]'}]",[TRIM_DEFENSIVE] qty=25% sl=5456.5 — Stage 3 topping -- trim 25% and tighten to entry. [regime=4/10]
GLAXO,2629.2,2678.5,0.0,2840.9,93.43,2,14.14,21170.0,ACTION,"✅ All clear | 📌 At 21170.0R (threshold 3.0R) -- book half, trail the rest with Chandelier. [regime=4/10]","[{'action': 'TRIM_AND_TRAIL', 'qty_pct': 50, 'new_sl': 2840.41, 'trail_method': 'Chandelier (22-bar high - 3xATR)', 'reason': 'At 21170.0R (threshold 3.0R) -- book half, trail the rest with Chandelier. [regime=4/10]'}]","[TRIM_AND_TRAIL] qty=50% sl=2840.41 — At 21170.0R (threshold 3.0R) -- book half, trail the rest with Chandelier. [regime=4/10]"
EICHERMOT,8053.1665,7247.5,0.0,7697.0,136.75,2,2.051,-0.44,OK,✅ All clear,[],
ASTERDM,854.431,707.5,0.0,767.95,19.22,2,0.901,-0.59,OK,✅ All clear,[],
IKS,1843.5,1588.5,0.0,1783.7,52.6,2,6.761,-0.23,OK,✅ All clear,[],
M&MFIN,387.3617,333.5,0.0,360.1,10.7,2,7.667,-0.51,OK,✅ All clear,[],
TVSMOTOR,4394.5,3783.5,0.0,4121.5,104.87,2,9.981,-0.45,OK,✅ All clear,[],
AUBANK,1085.9,994.5,0.0,1054.7,19.76,2,3.555,-0.34,OK,✅ All clear,[],
SYRMA,1475.4955,1365.5,0.0,1601.0,58.26,2,32.355,1.14,ACTION,✅ All clear | 📌 At 1.1R (threshold 1.0R) -- risk-free trade; move SL to breakeven. [regime=4/10],"[{'action': 'MOVE_TO_BREAKEVEN', 'qty_pct': 0, 'new_sl': 1475.5, 'trail_method': 'Breakeven', 'reason': 'At 1.1R (threshold 1.0R) -- risk-free trade; move SL to breakeven. [regime=4/10]'}]",[MOVE_TO_BREAKEVEN] qty=0% sl=1475.5 — At 1.1R (threshold 1.0R) -- risk-free trade; move SL to breakeven. [regime=4/10]
BAJFINANCE,1075.6935,988.5,0.0,1043.5,17.86,2,6.933,-0.37,OK,✅ All clear,[],
PHARMABEES,27.29,24.5,0.0,27.27,0.72,2,7.274,-0.01,OK,✅ All clear,[],
