Symbol,Description,Recovery Score (Active Signals),Score Threshold (6),Signal (4=EARLY | 3=RS | 2=CB | 1=Watch | 0=None),Recovery Score (0-12),RFF Lite Score (0=None | 1=NI&gt;0 | 2=NI+OCF&gt;0),Market Recovery Regime (1=Yes 0=No),Weinstein Weekly Stage (1-4),Mansfield RS vs CNX500 (+ = Outperform),"Stretch vs SMA200 (%, negative = below)",Correction from 52W High (%),Relative Volume (× 50D avg),RSI(3) — Fear Gauge,RSI(14),CB: Climax Detected (1=Yes),RS: Positive Mansfield (1=Yes),EARLY: Near Golden Cross (1=Yes),Entry Price,Stop Loss Price,T1 Target Price,T2 Target Price,R/R Ratio to T1,T1 Upside (%),Stop Loss Distance (%)
AARTIIND,AARTI Industries Ltd,,6,0,5,1,1,2,1.05,5.60,14.39,0.58,76.45,51.71,0,1,1,423.75,,,,,,
ABCAPITAL,Aditya Birla Capital Ltd.,,6,0,4,1,1,2,0.53,8.92,7.42,0.64,81.93,58.86,0,1,1,341.9,,,,,,
ABFRL,Aditya Birla Fashion and Retail Ltd,,6,0,3,0,1,4,-1.24,-19.69,38.91,2.24,70.30,49.65,0,0,0,60.33,,,,,,
ACC,ACC Limited,,6,0,4,1,1,4,-1.14,-18.86,32.80,0.90,75.19,50.79,0,0,0,1424.6,,,,,,
ADANIENSOL,Adani Energy Solutions Ltd,,6,0,5,1,1,2,2.20,24.89,0.22,4.26,95.06,69.76,0,1,1,1157.9,,,,,,
ADANIENT,Adani Enterprises Limited,,6,0,3,1,1,4,-0.07,-8.10,20.17,0.88,89.03,59.15,0,0,0,2086.8,,,,,,
ADANIGREEN,Adani Green Energy Limited,,6,0,4,1,1,4,1.58,10.47,7.83,1.89,97.43,73.46,0,1,0,1085.35,,,,,,
ADANIPORTS,Adani Ports & Special Economic Zone Ltd,,6,0,4,1,1,2,0.47,2.89,6.86,1.36,86.68,58.29,0,1,1,1475.3,,,,,,
AMBUJACEM,Ambuja Cements Limited,,6,0,4,1,1,4,-1.05,-18.34,28.76,1.26,67.94,50.40,0,0,0,445.2,,,,,,
ANGELONE,Angel One Limited,,6,0,5,1,1,2,1.56,11.57,14.46,1.45,92.88,70.37,0,1,1,280.99,,,,,,
ANUHPHR,Anuh Pharma Limited,,6,0,5,1,1,4,0.48,-5.36,30.59,1.49,92.06,61.34,0,1,0,79.75,,,,,,
APLAPOLLO,APL Apollo Tubes Limited,,6,0,5,1,1,2,1.01,12.91,10.29,0.52,81.99,54.99,0,1,1,2064.6,,,,,,
APOLLOHOSP,Apollo Hospitals Enterprise Limited,,6,0,3,1,1,4,0.48,0.89,7.26,0.97,79.17,52.72,0,1,1,7511.5,,,,,,
APOLLOTYRE,Apollo Tyres Limited.,,6,0,3,1,1,4,-0.58,-8.31,18.94,0.95,80.71,54.26,0,0,0,438.15,,,,,,
ARE_M,Amara Raja Energy & Mobility Ltd,,6,0,4,1,1,4,-1.26,-19.80,32.27,1.23,63.06,44.65,0,0,0,742.25,,,,,,
ASHOKLEY,Ashok Leyland Limited,,6,0,5,1,1,2,0.68,14.60,17.36,1.66,85.83,53.44,0,1,1,178.02,,,,,,
ASIANPAINT,Asian Paints Ltd.,,6,0,3,1,1,4,-0.44,-6.11,20.93,2.16,86.78,58.20,0,0,0,2360.7,,,,,,
ASTRAL,Astral Limited,,6,0,5,1,1,2,1.11,10.13,7.84,1.56,81.55,53.95,0,1,1,1630,,,,,,
ATGL,Adani Total Gas Ltd.,,6,0,5,1,1,4,0.62,-1.67,27.19,1.47,84.89,61.70,0,1,0,581.05,,,,,,
AUBANK,AU Small Finance Bank Limited,,6,0,4,1,1,2,0.75,12.96,5.52,0.61,88.34,60.16,0,1,1,981.8,,,,,,
AUROPHARMA,Aurobindo Pharma Ltd,,6,0,5,1,1,2,1.52,16.27,1.00,0.46,80.15,65.82,0,1,1,1349.4,,,,,,
AXISBANK,Axis Bank Limited,,6,0,4,1,1,2,0.97,11.16,4.76,0.89,86.13,62.05,0,1,1,1350.8,,,,,,
BAJAJFINSV,Bajaj Finserv Limited,,6,0,3,1,1,4,-0.52,-9.13,17.58,0.73,84.09,53.38,0,0,0,1809.2,,,,,,
BAJAJ_AUTO,Bajaj Auto Limited,,6,0,4,1,1,2,0.94,9.07,3.67,2.20,94.45,62.06,0,1,1,9813.5,,,,,,
BAJFINANCE,Bajaj Finance Limited,,6,0,3,1,1,4,-0.21,-3.91,16.14,0.95,82.42,56.24,0,0,1,924.55,,,,,,
BALRAMCHIN,Balrampur Chini Mills Ltd,,6,0,4,1,1,4,0.73,-4.13,24.58,0.69,8.71,46.05,0,1,1,473.5,,,,,,
BANKBARODA,Bank of Baroda,,6,0,4,1,1,2,-0.06,1.95,15.15,0.95,78.44,50.15,0,0,1,276.19,,,,,,
BDL,Bharat Dynamics Ltd.,,6,0,4,1,1,4,-0.08,-10.20,35.81,0.63,91.67,59.43,0,0,0,1345.9,,,,,,
BEL,Bharat Electronics Limited,,6,0,4,1,1,2,0.84,7.54,6.55,0.50,92.98,56.48,0,1,1,442.45,,,,,,
BELRISE,Belrise Industries Limited,,6,0,5,1,1,2,2.26,30.95,0.00,1.30,92.30,65.09,0,1,1,206.09,,,,,,
BERGEPAINT,Berger Paints India Limited,,6,0,3,1,1,4,-0.59,-12.97,24.96,1.35,93.68,61.85,0,0,0,454,,,,,,
BHARATFORG,Bharat Forge Ltd,,6,0,5,1,1,2,2.10,28.41,7.06,0.86,75.99,56.85,0,1,1,1798.8,,,,,,
BHARTIARTL,Bharti Airtel Limited,,6,0,3,2,1,4,-0.31,-5.29,14.00,0.65,86.84,53.32,0,0,1,1870,,,,,,
BHEL,Bharat Heavy Electricals Limited,,6,0,5,1,1,2,1.05,11.59,6.93,1.10,92.32,64.17,0,1,1,284.71,,,,,,
BIOCON,Biocon Limited,,6,0,4,2,1,3,-0.53,-6.92,17.97,0.56,46.02,39.36,0,0,1,348.6,,,,,,
BPCL,Bharat Petroleum Corporation Limited,,6,0,3,1,1,4,-1.13,-12.62,23.57,1.16,86.68,44.56,0,0,1,299.35,,,,,,
BRITANNIA,Britannia Industries Ltd,,6,0,2,1,1,4,-0.25,-5.17,12.29,0.97,58.10,43.66,0,0,1,5557.5,,,,,,
BSE,BSE Ltd.,,6,0,5,1,1,2,2.27,25.60,1.47,1.29,90.54,67.06,0,1,1,3281.2,,,,,,
BSOFT,Birlasoft Limited,,6,0,4,2,1,4,-0.41,-7.17,22.78,0.63,47.12,49.24,0,0,1,366,,,,,,
CANBK,Canara Bank,,6,0,4,1,1,2,0.07,6.13,13.96,0.76,79.96,53.33,0,1,1,140.15,,,,,,
CANFINHOME,Can Fin Homes Ltd.,,6,0,3,1,1,2,-0.06,0.47,13.25,0.55,81.34,51.32,0,0,1,842.75,,,,,,
CDSL,Central Depository Services (India) Limited,,6,0,4,1,1,4,-0.43,-12.65,28.73,1.18,86.34,59.11,0,0,0,1303.4,,,,,,
CGPOWER,CG Power & Industrial Solutions Ltd,,6,0,4,1,1,3,1.10,5.90,8.33,0.59,84.03,60.46,0,1,1,731.1,,,,,,
CHAMBLFERT,Chambal Fertilisers & Chemicals Ltd.,,6,0,5,1,1,4,0.46,-6.31,38.47,0.39,60.34,57.23,0,1,0,456.7,,,,,,
CHOLAFIN,Cholamandalam Investment and Finance Co. Ltd.,,6,0,2,1,1,4,-0.09,-1.90,13.67,1.21,84.43,56.62,0,0,1,1581.2,,,,,,
CIPLA,Cipla Ltd,,6,0,4,1,1,4,-1.00,-15.95,26.51,1.25,80.37,40.75,0,0,0,1229.5,,,,,,
COALINDIA,Coal India Ltd.,,6,0,4,1,1,2,0.80,7.88,8.80,2.49,20.37,43.13,0,1,1,434.1,,,,,,
COFORGE,Coforge Limited,,6,0,4,1,1,4,-1.86,-25.84,38.60,1.15,42.85,52.06,0,0,0,1224.3,,,,,,
CONCOR,Container Corporation of India Limited,,6,0,4,1,1,4,-0.01,-8.42,25.82,1.07,91.03,58.91,0,0,0,483.7,,,,,,
CROMPTON,Crompton Greaves Consumer Electricals Ltd.,,6,0,5,2,1,4,-0.25,-14.85,33.36,1.01,60.98,49.75,0,0,0,241.72,,,,,,
CUB,City Union Bank Limited,,6,0,5,1,1,2,0.04,5.36,20.66,0.98,76.13,52.46,0,1,1,257.14,,,,,,
CUMMINSIND,Cummins India Limited,,6,0,5,1,1,2,1.95,24.01,0.31,1.62,92.71,66.53,0,1,1,5138.7,,,,,,
DABUR,Dabur India Limited,,6,0,3,1,1,4,-0.87,-13.39,24.49,1.22,88.09,44.48,0,0,0,435.7,,,,,,
DELHIVERY,Delhivery Limited,,6,0,4,1,1,4,1.39,8.68,4.05,0.72,92.56,67.73,0,1,1,470.15,,,,,,
DELTACORP,Delta Corp. Ltd. (India),,6,0,4,1,1,4,-0.93,-21.52,40.93,0.58,70.59,53.41,0,0,0,58.36,,,,,,
DIVISLAB,Divi's Laboratories Limited,,6,0,2,1,1,4,-0.01,-3.34,13.50,0.99,91.02,53.67,0,0,1,6116.5,,,,,,
DIXON,Dixon Technologies (India) Ltd.,,6,0,5,2,1,4,-1.05,-24.30,42.20,1.03,80.61,53.90,0,0,0,10676,,,,,,
DLF,DLF Limited,,6,0,4,1,1,4,-1.02,-19.91,35.77,1.35,77.32,53.67,0,0,0,569.6,,,,,,
DMART,Avenue Supermarts Ltd.,,6,0,4,1,1,4,1.52,6.83,11.09,0.77,57.75,66.40,0,1,1,4400.6,,,,,,
DRREDDY,Dr. Reddy's Laboratories Ltd.,,6,0,4,2,1,4,0.15,-2.15,10.69,1.16,70.20,45.58,0,1,1,1232.2,,,,,,
EICHERMOT,Eicher Motors Limited,,6,0,4,1,1,2,0.65,9.61,9.79,1.12,90.43,57.67,0,1,1,7424,,,,,,
ETERNAL,Eternal Limited,,6,0,5,2,1,4,-1.03,-17.25,34.80,0.78,62.23,50.31,0,0,0,240.23,,,,,,
EXIDEIND,Exide Industries Limited,,6,0,3,1,1,4,-0.35,-11.55,24.71,2.26,85.53,58.28,0,0,0,324.5,,,,,,
GLENMARK,Glenmark Pharmaceuticals Limited,,6,0,5,1,1,2,1.14,8.42,5.86,1.16,67.49,54.36,0,1,1,2163.2,,,,,,
GNFC,Gujarat Narmada Valley Fertilizers & Chemicals Ltd.,,6,0,3,1,1,4,-0.43,-11.98,24.62,0.87,91.24,55.97,0,0,0,432.5,,,,,,
GODREJCP,Godrej Consumer Products Limited,,6,0,3,1,1,4,-0.26,-8.32,17.64,0.84,80.57,52.72,0,0,1,1078.1,,,,,,
GODREJPROP,Godrej Properties Limited,,6,0,4,1,1,4,-0.59,-13.88,31.52,1.50,90.03,58.94,0,0,0,1716.5,,,,,,
GRANULES,Granules India Limited,,6,0,5,1,1,2,1.24,15.58,2.78,0.82,43.39,58.90,0,1,1,631.95,,,,,,
GRASIM,Grasim Industries Ltd.,,6,0,3,1,1,4,0.24,-1.54,7.94,0.66,79.39,55.09,0,1,1,2742.6,,,,,,
GUJGASLTD,Gujarat Gas Ltd.,,6,0,4,1,1,4,-1.51,-22.18,36.38,0.74,69.79,36.30,0,0,0,323.65,,,,,,
HAL,Hindustan Aeronautics Limited,,6,0,3,1,1,4,-0.11,-7.98,20.38,0.67,95.58,62.11,0,0,0,4112.2,,,,,,
HAVELLS,Havells India Limited,,6,0,3,1,1,4,-0.45,-11.55,23.43,0.80,89.64,50.35,0,0,0,1281.7,,,,,,
HCLTECH,HCL Technologies Limited,,6,0,3,1,1,4,-0.26,-5.57,18.48,0.97,66.17,59.12,0,0,0,1451.2,,,,,,
HDFCBANK,HDFC Bank Limited,,6,0,3,1,1,4,-0.94,-14.97,20.60,0.88,71.70,49.58,0,0,0,810.3,,,,,,
HDFCLIFE,HDFC Life Insurance Co. Ltd.,,6,0,4,1,1,4,-1.23,-18.33,26.39,1.28,72.83,42.13,0,0,0,604.15,,,,,,
HEROMOTOCO,Hero Motocorp Limited,,6,0,3,1,1,3,0.07,2.61,14.43,1.67,87.08,55.26,0,1,1,5466.5,,,,,,
HINDALCO,Hindalco Industries Limited,,6,0,5,1,1,2,1.62,21.77,3.66,0.84,95.46,65.05,0,1,1,992.1,,,,,,
HINDCOPPER,Hindustan Copper Ltd,,6,0,7,1,1,2,1.73,36.35,30.26,0.20,81.03,54.00,0,1,1,530.05,,,,,,
HINDPETRO,Hindustan Petroleum Corporation Limited,,6,0,4,1,1,4,-1.38,-16.04,29.08,0.72,75.43,48.44,0,0,0,360.6,,,,,,
HINDUNILVR,Hindustan Unilever Limited,,6,0,3,1,1,4,-0.38,-9.61,20.39,1.14,80.55,49.82,0,0,0,2155.3,,,,,,
ICICIBANK,ICICI Bank Limited,,6,0,3,1,1,4,0.11,-4.37,11.87,1.09,78.15,56.68,0,1,1,1321.9,,,,,,
ICICIGI,ICICI Lombard General Insurance Co. Ltd.,,6,0,2,1,1,4,-0.31,-6.89,13.67,0.57,88.94,49.14,0,0,1,1786,,,,,,
ICICIPRULI,ICICI Prudential Life Insurance Co. Ltd.,,6,0,3,1,1,4,-0.86,-11.97,22.61,0.78,85.33,43.08,0,0,1,547,,,,,,
INDHOTEL,Indian Hotels Co. Ltd.,,6,0,3,1,1,4,-0.34,-10.44,24.83,0.70,81.37,55.56,0,0,0,641.5,,,,,,
INDIACEM,India Cements Ltd.,,6,0,2,0,1,4,-0.25,-2.40,20.56,0.52,94.13,55.68,0,0,1,385.9,,,,,,
INDIANB,Indian Bank,,6,0,5,1,1,2,1.56,22.88,3.23,1.06,79.54,59.81,0,1,1,967.75,,,,,,
INDIGO,InterGlobe Aviation Ltd,,6,0,4,1,1,4,-0.57,-14.66,26.93,0.78,68.44,55.18,0,0,0,4554.2,,,,,,
INDUSINDBK,IndusInd Bank Ltd.,,6,0,3,0,1,2,0.02,-0.11,14.24,0.38,69.38,49.69,0,1,1,830.9,,,,,,
INDUSTOWER,Indus Towers Limited,,6,0,5,2,1,2,0.74,9.48,9.07,0.89,70.06,51.77,0,1,1,437.85,,,,,,
INFY,Infosys Limited,,6,0,5,2,1,4,-0.98,-13.87,25.20,1.39,28.55,46.24,0,0,0,1292.5,,,,,,
IOC,Indian Oil Corp. Ltd.,,6,0,3,1,1,3,-0.83,-8.20,24.34,0.63,76.10,42.44,0,0,1,142.96,,,,,,
IRCTC,Indian Railway Catering & Tourism Corp. Ltd.,,6,0,4,1,1,4,-1.13,-19.83,33.89,0.48,81.88,51.19,0,0,0,542.3,,,,,,
ITC,ITC Limited,,6,0,4,1,1,4,-1.11,-19.55,31.51,0.76,90.08,51.19,0,0,0,304.25,,,,,,
JINDALSTEL,Jindal Steel Limited,,6,0,5,1,1,2,1.47,15.59,4.16,1.07,80.94,58.37,0,1,1,1219.2,,,,,,
JIOFIN,Jio Financial Services Limited,,6,0,4,1,1,4,-0.87,-16.94,28.17,0.80,63.90,51.74,0,0,0,243.2,,,,,,
JSWSTEEL,JSW Steel Limited,,6,0,4,1,1,2,0.69,7.17,5.44,0.98,91.42,57.16,0,1,1,1214.8,,,,,,
JUBLFOOD,Jubilant Foodworks Limited,,6,0,4,1,1,4,-1.40,-23.64,38.87,1.14,59.96,44.89,0,0,0,445,,,,,,
KALYANKJIL,Kalyan Jewellers India Ltd.,,6,0,5,1,1,4,0.37,-7.11,27.29,0.65,89.43,67.04,0,1,0,449.15,,,,,,
KOTAKBANK,Kotak Mahindra Bank Limited,,6,0,3,1,1,4,-0.62,-9.54,18.64,1.23,65.00,47.79,0,0,1,374.55,,,,,,
KPITTECH,KPIT Technologies Limited,,6,0,4,1,1,4,-2.65,-35.35,50.06,0.76,73.90,48.86,0,0,0,716.45,,,,,,
LAURUSLABS,Laurus Labs Ltd.,,6,0,5,1,1,2,1.17,16.33,3.74,1.04,93.87,63.65,0,1,1,1098.35,,,,,,
LICHSGFIN,LIC Housing Finance Ltd,,6,0,4,1,1,4,0.30,-4.06,17.76,0.55,80.17,59.32,0,1,0,531.65,,,,,,
LODHA,Lodha Developers Ltd.,,6,0,4,1,1,4,-1.65,-26.78,46.01,3.01,95.26,51.84,0,0,0,826.55,,,,,,
LT,Larsen & Toubro Limited,,6,0,4,1,1,2,0.38,3.71,10.81,0.78,73.21,57.71,0,1,1,3959.9,,,,,,
LTF,L&T Finance Ltd,,6,0,5,1,1,2,0.09,6.88,15.49,0.83,81.77,56.84,0,1,1,278.43,,,,,,
LUPIN,Lupin Limited,,6,0,5,1,1,2,1.16,12.86,1.84,1.29,86.03,57.51,0,1,1,2333.8,,,,,,
M&M,Mahindra & Mahindra Ltd.,,6,0,3,1,1,4,-0.35,-5.15,15.11,0.86,80.79,54.85,0,0,1,3259.8,,,,,,
M&MFIN,Mahindra & Mahindra Financial Services Ltd.,,6,0,5,1,1,2,-0.93,-3.93,26.71,1.34,76.75,43.15,0,0,1,302.1,,,,,,
MANAPPURAM,Manappuram Finance Limited,,6,0,3,1,1,4,-0.21,-4.55,16.79,0.66,66.26,51.31,0,0,1,267.6,,,,,,
MARICO,Marico Limited,,6,0,4,1,1,2,0.54,3.83,6.18,1.23,77.45,53.39,0,1,1,763.25,,,,,,
MARUTI,Maruti Suzuki India Limited,,6,0,3,1,1,4,-0.66,-7.11,21.08,0.89,94.58,56.43,0,0,0,13709,,,,,,
MAXHEALTH,Max Healthcare Institute Ltd,,6,0,4,1,1,4,-0.74,-15.00,27.46,1.25,64.12,39.91,0,0,0,953.35,,,,,,
MAZDOCK,Mazagon Dock Shipbuilders Ltd.,,6,0,5,1,1,4,0.25,-7.27,34.56,0.96,87.34,58.27,0,1,0,2470.2,,,,,,
MCX,Multi Commodity Exchange of India Limited,,6,0,5,1,1,2,2.40,34.33,1.45,0.70,90.43,61.87,0,1,1,2669.4,,,,,,
MFSL,Max Financial Services Limited,,6,0,4,1,1,1,0.31,1.41,12.56,1.20,90.75,54.62,0,1,1,1654.8,,,,,,
MGL,Mahanagar Gas Ltd,,6,0,4,1,1,4,-0.14,-12.05,32.21,1.07,96.13,61.33,0,0,0,1075.75,,,,,,
MOTHERSON,Samvardhana Motherson International Limited,,6,0,4,1,1,2,0.90,11.07,10.28,1.19,87.91,57.95,0,1,1,122.16,,,,,,
MPHASIS,Mphasis Limited,,6,0,4,2,1,4,-0.76,-13.70,23.39,1.57,56.96,57.03,0,0,0,2326.7,,,,,,
MUTHOOTFIN,Muthoot Finance Ltd,,6,0,4,1,1,2,0.42,9.73,13.87,0.74,82.10,58.83,0,1,1,3573.9,,,,,,
NATIONALUM,National Aluminium Co. Ltd.,,6,0,5,1,1,2,3.33,53.13,3.36,0.73,76.51,62.64,0,1,1,417,,,,,,
NESTLEIND,Nestle India Ltd.,,6,0,4,1,1,2,0.21,1.52,6.80,1.14,87.02,57.16,0,1,1,1249.3,,,,,,
NMDC,NMDC Limited,,6,0,5,1,1,2,1.15,11.59,1.90,0.83,95.25,63.78,0,1,1,85.07,,,,,,
NTPC,NTPC Limited,,6,0,5,1,1,2,1.21,10.60,3.64,1.12,84.05,55.95,0,1,1,380.15,,,,,,
OBEROIRLTY,Oberoi Realty Limited,,6,0,4,1,1,4,0.74,1.73,16.62,1.05,95.19,69.42,0,1,0,1671.7,,,,,,
OIL,Oil India Limited,,6,0,4,1,1,2,0.87,8.05,10.06,0.32,50.58,49.17,0,1,1,471.3,,,,,,
ONGC,Oil & Natural Gas Corp. Ltd.,,6,0,5,1,1,2,1.49,14.81,2.22,0.51,54.28,61.14,0,1,1,286.5,,,,,,
PAYTM,One 97 Communications Ltd.,,6,0,2,0,1,4,-0.38,-4.20,18.67,0.82,82.05,58.08,0,0,0,1123.85,,,,,,
PERSISTENT,Persistent Systems Limited,,6,0,4,2,1,4,-0.25,-3.81,17.76,1.08,73.64,65.19,0,0,0,5427.1,,,,,,
PETRONET,Petronet Lng Limited,,6,0,3,1,1,4,-0.02,-4.37,17.08,0.73,84.09,50.02,0,0,1,270.74,,,,,,
PFC,Power Finance Corporation Limited,,6,0,5,1,1,2,1.62,10.23,2.07,1.04,93.40,62.04,0,1,1,434.9,,,,,,
PHOENIXLTD,Phoenix Mills Ltd.,,6,0,5,2,1,2,0.63,7.04,11.52,1.81,95.38,66.10,0,1,1,1763.5,,,,,,
PNB,Punjab National Bank,,6,0,4,1,1,2,-0.35,-3.32,17.28,0.88,73.59,49.90,0,0,1,111.8,,,,,,
POLICYBZR,PB Fintech Limited,,6,0,3,1,1,4,-0.57,-12.27,23.67,0.68,80.57,54.79,0,0,0,1509.8,,,,,,
POLYCAB,Polycab India Ltd.,,6,0,4,2,1,3,0.65,5.49,11.40,1.06,93.24,58.07,0,1,1,7728,,,,,,
POONAWALLA,Poonawalla Fincorp Limited,,6,0,4,1,1,4,-0.77,-11.98,29.83,3.27,47.60,46.73,0,0,0,400.25,,,,,,
POWERGRID,Power Grid Corporation of India Limited,,6,0,5,1,1,2,1.15,6.75,5.98,0.74,88.06,59.37,0,1,1,302.75,,,,,,
PVRINOX,PVR Inox Limited,,6,0,3,1,1,4,-0.54,-9.60,24.09,0.55,55.80,43.46,0,0,1,948.7,,,,,,
RAMCOCEM,Ramco Cements Limited,,6,0,3,1,1,4,-0.17,-6.43,18.39,1.21,76.21,51.08,0,0,1,991.2,,,,,,
RBLBANK,RBL Bank Ltd.,,6,0,4,1,1,2,0.75,10.75,5.36,0.96,69.78,58.69,0,1,1,322.15,,,,,,
RECLTD,REC Limited,,6,0,5,2,1,4,0.20,-4.65,21.92,0.70,91.31,57.59,0,1,0,349.8,,,,,,
RELIANCE,Reliance Industries Limited,,6,0,3,1,1,4,-0.42,-6.47,16.23,1.17,61.41,45.39,0,0,1,1350.2,,,,,,
RVNL,Rail Vikas Nigam Ltd.,,6,0,4,1,1,4,-0.93,-16.77,38.59,0.87,76.78,49.81,0,0,0,275,,,,,,
SAIL,Steel Authority of India Limited,,6,0,5,1,1,2,1.75,19.18,1.76,0.61,84.55,61.43,0,1,1,166.02,,,,,,
SBICARD,SBI Cards & Payment Services Ltd,,6,0,4,1,1,4,-1.32,-18.76,34.05,0.41,80.76,46.07,0,0,0,677.5,,,,,,
SBILIFE,SBI Life Insurance Co. Ltd.,,6,0,3,1,1,3,0.06,0.20,9.79,0.68,86.74,53.30,0,1,1,1923.2,,,,,,
SBIN,State Bank of India,,6,0,4,1,1,2,0.74,12.71,13.61,1.04,71.30,50.17,0,1,1,1066.7,,,,,,
SHRIRAMFIN,Shriram Finance Limited,,6,0,5,1,1,2,1.48,26.81,7.26,1.03,77.77,56.50,0,1,1,1027.55,,,,,,
SONACOMS,Sona BLW Precision Forgings Ltd.,,6,0,5,1,1,2,1.54,16.15,1.00,2.23,83.81,63.25,0,1,1,554.25,,,,,,
SRF,Srf Limited,,6,0,4,1,1,4,-0.92,-14.75,25.61,1.37,64.19,47.26,0,0,0,2473.4,,,,,,
SUNPHARMA,Sun Pharmaceutical Industries Limited,,6,0,3,1,1,2,-0.12,-2.49,10.60,2.74,12.15,34.03,0,0,1,1654.9,,,,,,
SUNTV,Sun TV Network Limited,,6,0,4,1,1,2,0.83,4.97,13.49,0.72,61.05,52.82,0,1,1,598.1,,,,,,
SYNGENE,Syngene International Ltd.,,6,0,4,1,1,4,-2.31,-31.62,46.39,1.74,66.48,46.50,0,0,0,404.65,,,,,,
TATACHEM,Tata Chemicals Limited,,6,0,4,1,1,4,-0.51,-16.76,32.80,2.07,86.85,58.53,0,0,0,689.9,,,,,,
TATACOMM,Tata Communications Limited,,6,0,3,1,1,4,-0.75,-10.68,24.70,1.32,91.30,55.48,0,0,0,1509,,,,,,
TATACONSUM,Tata Consumer Products Limited,,6,0,2,1,1,4,-0.09,-2.75,10.42,1.13,92.25,54.52,0,0,1,1093.7,,,,,,
TATAPOWER,Tata Power Company Limited,,6,0,4,1,1,2,0.77,3.34,4.56,0.93,88.97,59.98,0,1,1,399.35,,,,,,
TATASTEEL,Tata Steel Limited,,6,0,5,1,1,2,1.49,16.96,4.55,0.80,93.69,60.15,0,1,1,206.61,,,,,,
TCS,Tata Consultancy Services Limited,,6,0,5,2,1,4,-1.08,-16.53,30.47,2.41,48.48,50.24,0,0,0,2524.3,,,,,,
TECHM,Tech Mahindra Limited,,6,0,4,2,1,4,-0.10,-5.05,22.32,0.87,41.46,53.14,0,0,1,1440.2,,,,,,
TITAN,Titan Company Limited,,6,0,5,1,1,2,1.55,18.09,0.42,1.49,82.95,65.78,0,1,1,4505,,,,,,
TATAMOTORS,Tata Motors Passenger Vehicles Ltd,,6,0,3,1,1,4,-0.14,-10.24,23.73,0.94,91.32,57.35,0,0,0,342.6,,,,,,
TRENT,Trent Limited,,6,0,4,1,1,4,-0.09,-14.40,37.45,1.13,78.16,59.49,0,0,0,3916.5,,,,,,
TVSMOTOR,TVS Motor Company Limited,,6,0,4,1,1,2,0.94,11.59,3.28,1.44,92.96,62.05,0,1,1,3839.9,,,,,,
UNITDSPR,United Spirits Limited,,6,0,3,1,1,4,-0.44,-6.93,22.91,1.58,77.58,45.24,0,0,1,1268.2,,,,,,
UPL,UPL Limited,,6,0,3,1,1,4,-0.57,-8.21,20.60,0.69,87.68,54.12,0,0,0,644.85,,,,,,
VBL,Varun Beverages Ltd.,,6,0,3,1,1,4,-0.22,-7.28,24.08,0.93,92.56,56.99,0,0,0,431.6,,,,,,
VEDL,Vedanta Limited,,6,0,5,1,1,2,2.50,36.09,3.20,0.91,96.36,65.16,0,1,1,745.15,,,,,,
VOLTAS,Voltas Limited,,6,0,3,1,1,4,-0.25,-4.78,16.87,1.36,78.23,46.55,0,0,1,1315.6,,,,,,
WIPRO,Wipro Limited,,6,0,4,2,1,4,-0.90,-15.16,24.98,2.75,81.71,56.63,0,0,0,204.88,,,,,,
ZYDUSLIFE,Zydus Lifesciences Limited,,6,0,3,1,1,4,0.30,-3.39,13.56,0.88,91.49,57.32,0,1,0,915.4,,,,,,
