Name,BSE Code,NSE Code,ISIN Code,Industry Group,Industry,Current Price,Net profit,Cash from operations last year,Interest Coverage Ratio,Debt to equity,Current ratio,Return on assets,DMA 200,DMA 50
Aditya Infotech,544466,CPPLUS,INE819V01029,Industrial Manufacturing,Industrial Products,3824.40,477.29,13.47,27.64,0.14,1.53,10.26,2638.12,3491.85
Aeroflex,543972,AEROFLEX,INE024001021,Industrial Products,Iron & Steel Products,574.15,67.15,65.84,83.07,0.02,2.91,11.20,352.47,470.18
Ajax Engineering,544356,AJAXENGG,INE274Y01021,"Agricultural, Commercial & Construction Vehicles",Construction Vehicles,596.20,227.87,377.29,751.44,0.00,4.19,14.07,564.18,570.74
Alivus Life,543322,ALIVUS,INE03Q201024,Pharmaceuticals & Biotechnology,Pharmaceuticals,1377.00,603.03,565.41,153.15,0.02,3.68,14.87,1103.90,1278.32
Anand Rathi Wea.,543415,ANANDRATHI,INE463V01026,Capital Markets,Financial Products Distributor,2229.00,462.42,253.71,40.79,0.08,4.12,34.03,1791.57,2097.02
Anthem Bioscienc,544449,ANTHEM,INE0CZ201020,Pharmaceuticals & Biotechnology,Biotechnology,959.00,575.95,844.49,131.79,0.02,3.49,19.48,768.69,850.25
Apar Inds.,532259,APARINDS,INE372A01015,Electrical Equipment,Other Electrical Equipment,17699.00,1181.51,967.58,4.40,0.18,1.44,8.03,12720.73,15917.40
APL Apollo Tubes,533758,APLAPOLLO,INE702C01027,Industrial Products,Iron & Steel Products,2182.55,1229.04,2103.19,13.21,0.09,1.34,14.70,1920.73,2030.07
ASM Technologies,526433,,INE867C01010,IT - Software,Computers - Software & Consulting,6345.20,72.01,68.03,11.26,0.42,2.02,15.16,3644.55,4563.96
Atlanta Electric,544527,ATLANTAELE,INE0Z4F01028,Electrical Equipment,Heavy Electrical Equipment,1921.00,217.47,184.33,6.40,0.05,1.69,17.07,1437.56,1726.66
Avalon Tech,543896,AVALON,INE0LCL01028,Electrical Equipment,Other Electrical Equipment,2294.25,133.60,57.19,13.45,0.30,2.05,9.81,1455.32,1959.07
Bliss GVS Pharma,506197,BLISSGVS,INE416D01022,Pharmaceuticals & Biotechnology,Pharmaceuticals,721.00,141.74,138.72,29.71,0.02,4.01,9.85,362.47,528.21
Bosch,500530,BOSCHLTD,INE323A01026,Auto Components,Auto Components & Equipments,48812.50,2363.20,2175.30,113.71,0.01,1.63,9.96,39432.19,44583.26
C P C L,500110,CHENNPETRO,INE178A01016,Petroleum Products,Refineries & Marketing,1457.20,4173.98,2944.96,42.47,0.18,1.42,16.54,1084.30,1299.89
Caplin Point Lab,524742,CAPLIPOINT,INE475E01026,Pharmaceuticals & Biotechnology,Pharmaceuticals,2800.55,678.06,523.24,959.58,0.07,5.70,17.52,2195.21,2532.35
CARE Ratings,534804,CARERATING,INE752H01013,Capital Markets,Ratings,1721.00,180.18,147.57,98.54,0.03,5.58,16.85,1631.19,1686.80
Castrol India,500870,CASTROLIND,INE172A01027,Petroleum Products,Lubricants,189.15,1062.35,1090.14,185.79,0.03,1.51,27.26,188.15,186.46
Coforge,532541,COFORGE,INE591G01025,IT - Software,Computers - Software & Consulting,1949.10,1920.00,1791.70,13.08,0.08,1.61,14.09,1572.61,1744.43
CRISIL,500092,CRISIL,INE007A01025,Finance,Other Financial Services,4760.00,884.32,755.58,49.02,0.10,1.87,16.07,4410.02,4460.33
Cupid,530843,CUPID,INE509F01029,Personal Products,Personal Care,275.25,137.41,46.12,56.59,0.13,4.65,23.69,154.83,245.18
Deep Industries,543288,DEEPINDS,INE0FHS01024,Oil,Oil Equipment & Services,817.80,224.49,270.09,22.45,0.10,2.24,16.17,509.97,615.68
Dhoot Transmission,544867,DHOOTTRANS,INE01NH01023,Auto Components,Auto Components & Equipments,1598.15,396.84,347.66,6.75,0.38,1.94,12.81,1229.58,1327.94
Divi's Lab.,532488,DIVISLAB,INE361B01024,Pharmaceuticals & Biotechnology,Pharmaceuticals,9570.55,2925.00,2738.00,151.35,0.00,5.43,14.20,7054.73,8190.42
Elantas Beck,500123,ELANTAS,INE280B01018,Chemicals & Petrochemicals,Specialty Chemicals,13750.00,177.57,127.11,395.50,0.00,5.85,13.53,10026.88,10967.01
Elgi Equipments,522074,ELGIEQUIP,INE285A01027,Industrial Products,"Compressors, Pumps & Diesel Engines",640.90,447.90,453.50,26.79,0.24,1.98,11.84,555.77,602.09
Emcure Pharma,544210,EMCURE,INE168P01015,Pharmaceuticals & Biotechnology,Pharmaceuticals,1926.00,1018.96,943.55,10.55,0.31,1.43,10.91,1676.00,1866.95
Engineers India,532178,ENGINERSIN,INE510A01028,Construction,Civil Construction,278.40,784.13,319.02,511.94,0.01,1.27,12.20,226.48,246.69
Garware Tech.,509557,GARFIBRES,INE276A01018,Textiles & Apparels,Other Textile Products,820.00,210.14,162.07,22.80,0.03,2.09,11.50,723.72,767.54
Gland Pharma,543245,GLAND,INE068V01023,Pharmaceuticals & Biotechnology,Pharmaceuticals,2963.10,1128.80,1031.39,62.64,0.03,4.68,8.82,2204.61,2663.91
Glaxosmi. Pharma,500660,GLAXO,INE159A01016,Pharmaceuticals & Biotechnology,Pharmaceuticals,2930.00,1068.15,903.30,436.63,0.01,1.25,22.82,2560.81,2721.99
Glenmark Pharma.,532296,GLENMARK,INE935A01035,Pharmaceuticals & Biotechnology,Pharmaceuticals,2477.35,1797.79,3445.03,22.89,0.06,1.77,12.71,2165.26,2324.85
Granules India,532482,GRANULES,INE101D01020,Pharmaceuticals & Biotechnology,Pharmaceuticals,896.25,662.35,793.25,8.74,0.30,1.80,8.70,720.64,834.40
Guj. Themis Bio.,506879,GUJTHEM,INE942C01045,Pharmaceuticals & Biotechnology,Pharmaceuticals,452.00,48.68,48.78,14.86,0.56,1.12,11.60,365.76,384.08
Happy Forgings,544057,HAPPYFORGE,INE330T01021,Industrial Products,Castings & Forgings,2235.00,327.40,444.67,39.86,0.15,1.83,12.34,1487.88,1944.27
Indegene,544172,INDGN,INE065X01017,Healthcare Services,"Healthcare Research, Analytics & Technology",590.00,400.90,650.80,25.81,0.05,1.40,10.43,527.51,552.75
Indo-MIM,544837,INDOMIM,INE084101034,Industrial Manufacturing,Industrial Products,968.30,533.54,1077.24,5.86,0.49,2.09,13.01,772.83,834.22
Ingersoll-Rand,500210,INGERRAND,INE177A01018,Industrial Products,"Compressors, Pumps & Diesel Engines",4769.75,267.51,273.66,265.59,0.01,1.87,27.31,4169.19,4533.64
Inox India,544046,INOXINDIA,INE616N01034,Industrial Products,Other Industrial Products,2226.50,254.85,116.65,34.69,0.07,1.44,14.19,1594.21,1959.66
Ipca Labs.,524494,IPCALAB,INE571A01038,Pharmaceuticals & Biotechnology,Pharmaceuticals,1951.00,1375.16,1141.97,28.42,0.10,2.49,10.15,1627.92,1823.68
Jyoti CNC Auto.,544081,JYOTICNC,INE980O01024,Industrial Manufacturing,Industrial Products,1040.00,321.72,54.39,6.42,0.43,2.26,10.49,842.56,880.30
K P R Mill Ltd,532889,KPRMILL,INE930H01031,Textiles & Apparels,Other Textile Products,1135.00,912.34,1107.84,23.85,0.10,4.31,13.14,1030.61,1109.01
Kennametal India,505890,KENNAMET,INE717A01029,Industrial Manufacturing,Industrial Products,4657.95,196.00,18.30,888.67,0.00,2.35,17.57,2863.32,3607.45
Kingfa Science,524019,KINGFA,INE473D01015,Industrial Products,Plastic Products - Industrial,6018.45,225.67,66.21,94.34,0.01,4.06,12.73,4874.17,5571.40
Knowledge Marine,543273,KMEW,INE0CJD01029,Engineering Services,Dredging,2983.80,131.07,74.34,9.03,0.39,1.22,13.03,2019.02,2607.31
KRBL,530813,KRBL,INE001B01026,Agricultural Food & other Products,Other Agricultural Products,430.80,758.20,932.53,134.39,0.03,6.73,10.11,368.22,391.10
L T Foods,532783,LTFOODS,INE818H01020,Agricultural Food & other Products,Other Agricultural Products,452.00,640.32,910.50,7.20,0.36,1.76,7.59,404.38,417.86
Laurus Labs,540222,LAURUSLABS,INE947Q01028,Pharmaceuticals & Biotechnology,Pharmaceuticals,1945.50,1090.53,1623.50,9.91,0.48,1.33,9.03,1343.93,1728.80
Lohia Corp,544839,LCL,INE0QJW01029,Industrial Manufacturing,Industrial Products,555.80,193.45,325.16,19.57,0.34,1.06,17.48,507.46,532.89
Manorama Indust.,541974,MANORAMA,INE00VM01036,Food Products,Other Food Products,2129.20,264.23,259.37,10.31,0.51,2.00,21.30,1515.07,1739.53
Marksans Pharma,524404,MARKSANS,INE750C01026,Pharmaceuticals & Biotechnology,Pharmaceuticals,335.00,521.27,458.13,28.54,0.11,5.17,11.80,237.77,292.43
MTAR Technologie,543270,MTARTECH,INE864I01014,Electrical Equipment,Other Electrical Equipment,7730.00,134.60,191.66,5.66,0.46,1.56,6.83,5304.49,6798.56
Navin Fluo.Intl.,532504,NAVINFLUOR,INE048G01026,Chemicals & Petrochemicals,Specialty Chemicals,8720.00,789.70,893.57,9.72,0.32,1.46,11.56,6895.76,8026.18
Nephrocare Health Services,544647,NEPHROPLUS,INE428V01029,Healthcare Services,Healthcare Service Provider,744.00,85.11,232.58,2.95,0.07,2.23,6.09,604.26,680.32
Neuland Labs.,524558,NEULANDLAB,INE794A01010,Pharmaceuticals & Biotechnology,Pharmaceuticals,23973.70,497.76,346.68,26.41,0.16,2.09,14.13,17388.94,21103.07
Paras Defence,543367,PARAS,INE045601023,Aerospace & Defense,Aerospace & Defense,1504.05,95.93,24.61,24.85,0.04,3.23,9.45,996.29,1313.91
Pricol Ltd,540293,PRICOLLTD,INE726V01018,Auto Components,Auto Components & Equipments,759.00,267.93,281.26,12.31,0.30,1.20,11.21,621.46,719.03
Quality Power El,544367,QPOWER,INE0SII01026,Electrical Equipment,Heavy Electrical Equipment,1519.75,195.20,80.28,34.27,0.07,2.48,19.31,1058.07,1270.96
Raghav Product.,539837,RPEL,INE912T01018,Industrial Products,Electrodes & Refractories,1691.50,62.69,37.00,118.00,0.02,4.28,20.64,1065.54,1445.61
Rubicon Research,544578,RUBICON,INE506V01022,Pharmaceuticals & Biotechnology,Pharmaceuticals,1861.15,288.22,205.05,10.09,0.24,2.01,13.06,1154.78,1594.08
Sai Life,544306,SAILIFE,INE570L01029,Pharmaceuticals & Biotechnology,Pharmaceuticals,1640.50,361.75,509.13,15.24,0.12,1.64,10.52,1141.36,1385.63
Senores Pharma.,544319,SENORES,INE0RB801010,Pharmaceuticals & Biotechnology,Pharmaceuticals,1510.00,130.82,62.05,7.34,0.37,1.92,8.59,1090.96,1394.58
Shaily Engineer.,501423,SHAILY,INE151G01028,Consumer Durables,Plastic Products - Consumer,3405.70,177.82,216.35,16.40,0.27,1.11,16.62,2631.51,3125.64
Shanthi Gears,522034,SHANTIGEAR,INE631A01022,Industrial Manufacturing,Industrial Products,702.75,63.82,70.10,828.55,0.00,3.11,15.11,463.18,471.93
Shivalik Bimetal,513097,SBCL,INE386D01027,Industrial Products,Iron & Steel Products,1105.30,106.09,54.89,29.38,0.15,3.47,16.92,685.02,913.15
Shreeji Ship. Gl,544490,SHREEJISPG,INE1B6101010,Transport Services,Shipping,695.00,159.78,190.99,12.87,0.36,2.03,15.43,467.82,608.73
SKF India Indus.,544572,SKFINDUS,INE2J8701016,Industrial Products,Abrasives & Bearings,2952.00,207.73,163.83,617.98,0.00,1.75,16.19,2588.95,2768.00
Skipper,538562,SKIPPER,INE439E01022,Electrical Equipment,Heavy Electrical Equipment,603.95,219.14,277.38,2.43,0.63,1.30,5.48,491.45,540.68
SML Mahindra,505192,SMLMAH,INE294B01019,"Agricultural, Commercial & Construction Vehicles",Commercial Vehicles,6325.00,156.41,156.19,12.40,0.56,1.25,11.84,4149.61,4965.52
Solar Industries,532725,SOLARINDS,INE343H01029,Chemicals & Petrochemicals,Explosives,22470.95,2050.39,620.87,19.92,0.24,2.06,19.14,16587.36,19295.44
Steel Str. Wheel,513262,SSWL,INE802C01033,Auto Components,Auto Components & Equipments,373.10,223.67,331.16,3.38,0.48,1.09,5.58,245.62,296.49
Strides Pharma,532531,STAR,INE939A01011,Pharmaceuticals & Biotechnology,Pharmaceuticals,1189.00,634.42,702.52,5.09,0.57,1.25,9.18,983.70,1032.71
Sudeep Pharma,544619,SUDEEPPHRM,INE0QPI01025,Pharmaceuticals & Biotechnology,Pharmaceuticals,1345.35,183.61,69.55,30.98,0.17,3.09,18.43,821.13,1026.09
Sundram Fasten.,500403,SUNDRMFAST,INE387A01021,Auto Components,Auto Components & Equipments,1260.00,613.60,837.04,22.84,0.15,2.12,10.56,972.99,1093.47
Syrma SGS Tech.,543573,SYRMA,INE0DYJ01015,Industrial Manufacturing,Industrial Products,1642.50,401.58,289.57,12.22,0.14,1.49,7.03,1108.30,1404.21
Tanfac Inds.,506854,,INE639B01023,Chemicals & Petrochemicals,Commodity Chemicals,3567.65,67.64,43.40,24.64,0.25,1.77,14.70,2421.15,2944.80
TD Power Systems,533553,TDPOWERSYS,INE419M01035,Electrical Equipment,Heavy Electrical Equipment,769.95,274.99,129.07,225.94,0.02,1.95,14.74,530.32,671.37
Technocraf.Inds.,532804,TIIL,INE545H01011,Industrial Products,Iron & Steel Products,3143.55,348.49,243.48,8.82,0.41,2.05,9.39,2605.12,2917.02
Timex Group,500414,TIMEX,INE064A01026,Consumer Durables,"Gems, Jewellery And Watches",607.80,85.79,90.99,23.82,0.95,1.81,26.89,431.81,566.99
Volt.Transform.,532757,VOLTAMP,INE540H01012,Electrical Equipment,Heavy Electrical Equipment,11341.40,317.05,139.71,264.56,0.00,4.01,15.45,9381.45,10267.07
Welspun Corp,532144,WELCORP,INE191B01025,Industrial Products,Iron & Steel Products,2598.50,2319.21,3204.28,15.90,0.26,1.23,9.10,1378.37,1962.61
Welspun Enterp,532553,WELENT,INE625G01013,Construction,Civil Construction,788.20,347.97,112.19,3.68,0.65,1.26,6.40,554.20,629.42
