Symbol,Edge_Hint,Signal,Signal_Label,Signal_Date,Score,RFF_Score,RFF_Base,RFF_Bonus,RFF_Total,RFF_Quality,RFF_Checks,Fund_Source,Chartink_Confirmed,RFF_Detail,Weinstein_Stage,Mansfield_RS_x100,RS_Momentum_4W,RRG_Quadrant,RS_Slope_4W,RS_Positive,Stretch_SMA200_pct,Correction_52W_pct,Rel_Vol,RSI14,RSI3,Regime_OK,Mkt_Recovery,Mkt_Corrected,Mkt_Reclaim,Mkt_Corr_Depth_pct,CB_Climax_Date,Entry,SL,T1,T2,RR_T1,T1_pct,SL_pct,Details,Conviction,Combined_Score
HBLENGINE,REV-EARLY,4,REV-EARLY,2026-09-18,15,6,6,2,8,FULL,111111,Screener.in-pool+live+yf,False,"{'NI>0': True, 'FCF>0': True, 'ICR>3.5': True, 'D/E<2': True, 'CR>1': True, 'ROA>5%': True, 'Sales↑': True, 'Deleverage': True}",3,1.103,10.164,LEADING,11.44,True,-0.14,32.26,1.32,74.5,78.1,True,False,False,False,5.4,,760.0,683.81,950.47,1122.0,2.5,25.06,10.02,"EARLY trendline reclaim 0d ago, base compressed [RFF base 6/6, bonus 2/4, total 8/10, quality FULL]",10.0,84.1
JSL,REV-EARLY,4,REV-EARLY,2026-09-18,14,6,6,0,6,FULL,111111,Screener.in,True,"{'NI>0': True, 'FCF>0': True, 'ICR>3.5': True, 'D/E<2': True, 'CR>1': True, 'ROA>5%': True}",3,3.33,10.294,LEADING,10.31,True,0.76,14.59,3.97,63.1,45.7,True,False,False,False,5.4,,750.95,686.03,879.22,913.24,1.98,17.08,8.64,"EARLY trendline reclaim 0d ago, base compressed [RFF base 6/6, bonus 0/4, total 6/10, quality FULL] [Also in Screener.in screens — intersection]",10.0,81.8
ECLERX,REV-RS,0,None,,12,6,6,4,10,FULL,111111,Screener.in-pool+live+yf,False,"{'NI>0': True, 'FCF>0': True, 'ICR>3.5': True, 'D/E<2': True, 'CR>1': True, 'ROA>5%': True, 'Sales↑': True, 'Profit↑': True, 'OpLev↑': True, 'Deleverage': True}",3,16.805,6.151,LEADING,8.69,True,6.01,23.3,0.49,44.9,59.3,True,False,False,False,5.4,,1915.6,1746.41,2338.57,2497.5,2.5,22.08,8.83,No higher-low structure (recent 1848.20 <= prior 1858.00) | No higher-low structure (recent 1848.20 <= prior 1858.00) | No climax bar detected,10.0,77.3
LTM,REV-CB,0,None,,12,6,6,3,9,FULL,111111,Screener.in-pool+live+yf,False,"{'NI>0': True, 'FCF>0': True, 'ICR>3.5': True, 'D/E<2': True, 'CR>1': True, 'ROA>5%': True, 'Sales↑': True, 'Profit↑': True, 'OpLev↑': True}",3,0.964,-1.638,WEAKENING,-1.86,True,-10.14,33.51,1.08,24.9,27.0,True,False,False,False,5.4,,4275.1,4086.3,4747.1,6429.5,2.5,11.04,4.42,No higher-low structure (recent 4155.00 <= prior 4290.00) | No higher-low structure (recent 4155.00 <= prior 4290.00) | No climax bar detected,10.0,77.3
HEXT,REV-CB,0,None,,12,6,6,3,9,FULL,111111,Screener.in-pool+live+yf,False,"{'NI>0': True, 'FCF>0': True, 'ICR>3.5': True, 'D/E<2': True, 'CR>1': True, 'ROA>5%': True, 'Sales↑': True, 'Profit↑': True, 'Deleverage': True}",3,2.582,-0.317,WEAKENING,1.49,True,-7.19,35.06,0.3,32.7,82.5,True,False,False,False,5.4,,524.55,487.51,617.15,807.75,2.5,17.65,7.06,No higher-low structure (recent 496.00 <= prior 501.00) | No higher-low structure (recent 496.00 <= prior 501.00) | No climax bar detected,10.0,77.3
SPLPETRO,REV-RS,3,REV-RS,2026-09-18,16,6,6,0,6,FULL,111111,Screener.in,True,"{'NI>0': True, 'FCF>0': True, 'ICR>3.5': True, 'D/E<2': True, 'CR>1': True, 'ROA>5%': True}",2,18.312,24.001,LEADING,27.81,True,26.63,10.3,4.39,78.1,72.5,True,False,False,False,5.4,,865.7,774.57,965.13,1093.53,1.09,11.49,10.53,"RS breakout 0d ago, higher-low intact [RFF base 6/6, bonus 0/4, total 6/10, quality FULL] [Also in Screener.in screens — intersection]",8.0,76.4
TECHNOE,WYC-SOS,6,WYC-SOS,2026-09-18,12,5,5,1,6,FULL,101111,Screener.in-pool+live+yf,False,"{'NI>0': True, 'ICR>3.5': True, 'D/E<2': True, 'CR>1': True, 'ROA>5%': True, 'Sales↑': True}",1,-4.379,9.297,IMPROVING,8.28,False,-3.58,28.91,1.6,52.9,78.7,True,False,False,False,5.4,,1030.45,937.84,1261.97,1449.55,2.5,22.47,8.99,"WYC-SOS: SOS bar (spread 1.84×, vol 1.6× avg, closed in upper third of range) [base 16.6% range over 60 bars, prior decline 32.0%] [RFF base 5/6, bonus 1/4, total 6/10, quality FULL]",9.8,76.3
HYUNDAI,REV-RS,0,None,,11,6,6,0,6,FULL,111111,Screener.in-pool+live+yf,False,"{'NI>0': True, 'FCF>0': True, 'ICR>3.5': True, 'D/E<2': True, 'CR>1': True, 'ROA>5%': True}",2,12.017,2.104,LEADING,2.56,True,7.64,22.84,0.99,50.6,,True,False,False,False,5.4,,2208.8,2069.14,2557.94,2862.66,2.5,15.81,6.32,No EARLY breakout in last 5 trading days | Strict-trend not confirmed UP (dtrend=0) | No climax bar detected,10.0,75.0
CONCORDBIO,REV-RS,0,None,,11,6,6,0,6,FULL,111111,Screener.in,True,"{'NI>0': True, 'FCF>0': True, 'ICR>3.5': True, 'D/E<2': True, 'CR>1': True, 'ROA>5%': True}",2,18.874,-6.263,WEAKENING,-2.02,True,18.65,11.78,1.08,51.8,43.9,True,False,False,False,5.4,,1494.4,1386.29,1693.86,1764.67,1.84,13.35,7.23,No EARLY breakout in last 5 trading days | Strict-trend not confirmed UP (dtrend=0) | No climax bar detected [Also in Screener.in screens — intersection],10.0,75.0
CLEAN,REV-RS,0,None,,11,6,6,1,7,FULL,111111,Screener.in-pool+live+yf,False,"{'NI>0': True, 'FCF>0': True, 'ICR>3.5': True, 'D/E<2': True, 'CR>1': True, 'ROA>5%': True, 'Sales↑': True}",2,9.163,5.18,LEADING,6.82,True,7.63,28.44,2.1,55.2,59.1,True,False,False,False,5.4,,851.9,793.47,997.98,1190.43,2.5,17.15,6.86,No higher-low structure (recent 806.25 <= prior 811.68) | No higher-low structure (recent 806.25 <= prior 811.68) | No climax bar detected,10.0,75.0
HINDZINC,REV-EARLY,0,None,,11,5,5,4,9,FULL,111101,Screener.in-pool+live+yf,False,"{'NI>0': True, 'FCF>0': True, 'ICR>3.5': True, 'D/E<2': True, 'ROA>5%': True, 'Sales↑': True, 'Profit↑': True, 'OpLev↑': True, 'Deleverage': True}",2,3.843,3.002,LEADING,3.21,True,2.18,18.69,1.36,41.8,,True,False,False,False,5.4,,596.0,551.93,706.17,733.0,2.5,18.49,7.39,No higher-low structure (recent 560.90 <= prior 581.30) | No higher-low structure (recent 560.90 <= prior 581.30) | No climax bar detected,10.0,75.0
OIL,REV-EARLY,0,None,,11,6,6,3,9,FULL,111111,Screener.in-pool+live+yf,False,"{'NI>0': True, 'FCF>0': True, 'ICR>3.5': True, 'D/E<2': True, 'CR>1': True, 'ROA>5%': True, 'Sales↑': True, 'Profit↑': True, 'OpLev↑': True}",2,2.747,3.892,LEADING,3.38,True,4.26,10.23,1.24,45.2,14.4,True,False,False,False,5.4,,475.7,451.53,529.92,536.13,2.24,11.4,5.08,No higher-low structure (recent 472.00 <= prior 478.27) | No higher-low structure (recent 472.00 <= prior 478.27) | No climax bar detected,10.0,75.0
FSL,REV-EARLY,0,None,,11,5,5,3,8,FULL,111101,Screener.in-pool+live+yf,False,"{'NI>0': True, 'FCF>0': True, 'ICR>3.5': True, 'D/E<2': True, 'ROA>5%': True, 'Sales↑': True, 'Profit↑': True, 'OpLev↑': True}",3,8.581,-0.075,WEAKENING,2.05,True,3.0,25.39,0.32,55.8,3.3,True,False,False,False,5.4,,273.45,242.63,350.49,366.5,2.5,28.17,11.27,No EARLY breakout in last 5 trading days | Strict-trend not confirmed UP (dtrend=0) | No climax bar detected,10.0,75.0
HEG,REV-RS,0,None,,12,6,6,3,9,FULL,111111,Screener.in-pool+live+yf,False,"{'NI>0': True, 'FCF>0': True, 'ICR>3.5': True, 'D/E<2': True, 'CR>1': True, 'ROA>5%': True, 'Sales↑': True, 'Profit↑': True, 'OpLev↑': True}",1,-58.825,-76.619,LAGGING,-65.64,False,-57.93,68.56,0.41,8.3,68.1,False,False,False,False,5.4,,237.05,196.29,338.96,753.9,2.5,42.99,17.2,RS slope negative | RS slope negative | No climax bar detected,9.5,74.8
AIIL,REV-EARLY,0,None,,11,6,6,3,9,FULL,111111,Screener.in-pool+live+yf,False,"{'NI>0': True, 'FCF>0': True, 'ICR>3.5': True, 'D/E<2': True, 'CR>1': True, 'ROA>5%': True, 'Sales↑': True, 'Profit↑': True, 'OpLev↑': True}",2,8.874,2.919,LEADING,4.28,True,7.63,18.16,1.28,49.5,92.3,True,False,False,False,5.4,2026-09-02,559.0,496.1,683.0,716.26,1.97,22.18,11.25,No EARLY breakout in last 5 trading days | Strict-trend not confirmed UP (dtrend=0) | Climax expired (12d ago > 10d window),9.8,74.0
LTFOODS,REV-EARLY,0,None,,11,6,6,3,9,FULL,111111,Screener.in-pool+live+yf,False,"{'NI>0': True, 'FCF>0': True, 'ICR>3.5': True, 'D/E<2': True, 'CR>1': True, 'ROA>5%': True, 'Sales↑': True, 'Profit↑': True, 'OpLev↑': True}",2,4.259,0.916,LEADING,1.96,True,5.96,13.76,0.3,39.6,62.3,True,False,False,False,5.4,,423.2,402.03,476.12,490.7,2.5,12.5,5.0,No higher-low structure (recent 408.95 <= prior 429.55) | No higher-low structure (recent 408.95 <= prior 429.55) | No climax bar detected,9.8,74.0
ABBOTINDIA,REV-EARLY,0,None,,10,6,6,4,10,FULL,111111,Screener.in-pool+live+yf,False,"{'NI>0': True, 'FCF>0': True, 'ICR>3.5': True, 'D/E<2': True, 'CR>1': True, 'ROA>5%': True, 'Sales↑': True, 'Profit↑': True, 'OpLev↑': True, 'Deleverage': True}",3,4.178,7.615,LEADING,7.1,True,3.09,10.99,3.65,61.6,,True,False,False,False,5.4,,27270.0,25542.2,30638.06,31589.49,1.95,12.35,6.34,No higher-low structure (recent 25135.00 <= prior 25190.00) | No higher-low structure (recent 25135.00 <= prior 25190.00) | No climax bar detected,10.0,72.7
JSWDULUX,REV-EARLY,0,None,,10,6,6,0,6,FULL,111111,Screener.in,True,"{'NI>0': True, 'FCF>0': True, 'ICR>3.5': True, 'D/E<2': True, 'CR>1': True, 'ROA>5%': True}",2,5.206,4.305,LEADING,5.33,True,5.3,13.53,1.05,61.5,59.4,True,False,False,False,5.4,,3188.8,3000.3,3660.05,3687.56,2.5,14.78,5.91,No higher-low structure (recent 3041.00 <= prior 3066.70) | No higher-low structure (recent 3041.00 <= prior 3066.70) | No climax bar detected [Also in Screener.in screens — intersection],10.0,72.7
CDSL,REV-EARLY,0,None,,10,5,5,2,7,FULL,111101,Screener.in-pool+live+yf,False,"{'NI>0': True, 'FCF>0': True, 'ICR>3.5': True, 'D/E<2': True, 'ROA>5%': True, 'Sales↑': True, 'Profit↑': True}",2,6.54,1.635,LEADING,3.1,True,5.15,16.19,1.28,47.9,88.3,True,False,False,False,5.4,,1390.0,1284.88,1652.8,1658.57,2.5,18.91,7.56,No higher-low structure (recent 1284.00 <= prior 1315.50) | No higher-low structure (recent 1284.00 <= prior 1315.50) | No climax bar detected,10.0,72.7
KFINTECH,REV-EARLY,0,None,,10,6,6,0,6,FULL,111111,Screener.in,True,"{'NI>0': True, 'FCF>0': True, 'ICR>3.5': True, 'D/E<2': True, 'CR>1': True, 'ROA>5%': True}",3,3.911,-1.973,WEAKENING,-2.24,True,-0.55,22.42,0.49,43.8,74.8,True,False,False,False,5.4,,930.0,860.43,1103.93,1198.77,2.5,18.7,7.48,No higher-low structure (recent 872.50 <= prior 897.00) | No higher-low structure (recent 872.50 <= prior 897.00) | No climax bar detected [Also in Screener.in screens — intersection],10.0,72.7
ABSLAMC,REV-EARLY,0,None,,11,6,6,3,9,FULL,111111,Screener.in-pool+live+yf,False,"{'NI>0': True, 'FCF>0': True, 'ICR>3.5': True, 'D/E<2': True, 'CR>1': True, 'ROA>5%': True, 'Sales↑': True, 'Profit↑': True, 'OpLev↑': True}",2,2.223,6.097,LEADING,8.33,True,11.24,11.26,1.4,51.3,63.7,True,False,False,False,5.4,,1060.4,972.9,1194.96,1279.14,1.54,12.69,8.25,No higher-low structure (recent 1004.00 <= prior 1007.50) | No higher-low structure (recent 1004.00 <= prior 1007.50) | No climax bar detected,9.5,72.5
EIHOTEL,REV-EARLY,0,None,,11,6,6,3,9,FULL,111111,Screener.in-pool+live+yf,False,"{'NI>0': True, 'FCF>0': True, 'ICR>3.5': True, 'D/E<2': True, 'CR>1': True, 'ROA>5%': True, 'Sales↑': True, 'Profit↑': True, 'OpLev↑': True}",3,1.999,9.25,LEADING,8.18,True,-2.0,23.2,5.3,60.6,,True,False,False,False,5.4,2026-08-31,317.9,289.95,387.77,413.95,2.5,21.98,8.79,No higher-low structure (recent 280.30 <= prior 281.05) | No higher-low structure (recent 280.30 <= prior 281.05) | Climax expired (13d ago > 10d window),9.5,72.5
AFFLE,REV-EARLY,0,None,,12,6,6,3,9,FULL,111111,Screener.in-pool+live+yf,False,"{'NI>0': True, 'FCF>0': True, 'ICR>3.5': True, 'D/E<2': True, 'CR>1': True, 'ROA>5%': True, 'Sales↑': True, 'Profit↑': True, 'OpLev↑': True}",2,6.391,-6.591,WEAKENING,-3.89,True,3.78,26.64,1.03,47.8,98.0,True,False,False,False,5.4,,1603.5,1462.68,1955.54,2185.9,2.5,21.95,8.78,No EARLY breakout in last 5 trading days | Strict-trend not confirmed UP (dtrend=0) | No climax bar detected,9.0,72.3
BAJAJHLDNG,REV-RS,0,None,,10,6,6,1,7,FULL,111111,Screener.in-pool+live+yf,False,"{'NI>0': True, 'FCF>0': True, 'ICR>3.5': True, 'D/E<2': True, 'CR>1': True, 'ROA>5%': True, 'OpLev↑': True}",2,6.619,1.764,LEADING,2.67,True,5.55,18.72,1.16,48.6,67.4,True,False,False,False,5.4,,11282.0,10697.02,12744.44,13880.0,2.5,12.96,5.19,No higher-low structure (recent 10884.00 <= prior 10956.00) | No higher-low structure (recent 10884.00 <= prior 10956.00) | No climax bar detected,9.8,71.7
CYIENT,REV-RS,0,None,,12,6,6,2,8,FULL,111111,Screener.in-pool+live+yf,False,"{'NI>0': True, 'FCF>0': True, 'ICR>3.5': True, 'D/E<2': True, 'CR>1': True, 'ROA>5%': True, 'Sales↑': True, 'OpLev↑': True}",2,18.738,20.045,LEADING,23.87,True,11.29,15.04,0.67,53.3,61.1,True,False,False,False,5.4,,1073.3,953.49,1263.3,1372.82,1.59,17.7,11.16,No EARLY breakout in last 5 trading days | No RS breakout in last 5 trading days | No climax bar detected,8.8,71.3
BELRISE,REV-RS,0,None,,11,6,6,3,9,FULL,111111,Screener.in-pool+live+yf,False,"{'NI>0': True, 'FCF>0': True, 'ICR>3.5': True, 'D/E<2': True, 'CR>1': True, 'ROA>5%': True, 'Sales↑': True, 'Profit↑': True, 'Deleverage': True}",2,7.259,4.429,LEADING,7.02,True,16.41,10.23,2.59,61.6,,True,False,False,False,5.4,,240.18,220.79,267.55,288.65,1.41,11.4,8.07,No higher-low structure (recent 222.75 <= prior 224.46) | No higher-low structure (recent 222.75 <= prior 224.46) | No climax bar detected,9.2,71.0
PETRONET,REV-RS,0,None,,9,6,6,0,6,FULL,111111,Screener.in,True,"{'NI>0': True, 'FCF>0': True, 'ICR>3.5': True, 'D/E<2': True, 'CR>1': True, 'ROA>5%': True}",3,5.749,3.663,LEADING,2.88,True,4.26,10.36,1.79,50.6,85.0,True,False,False,False,5.4,,292.6,275.17,326.4,336.17,1.94,11.55,5.96,No higher-low structure (recent 278.25 <= prior 283.05) | No higher-low structure (recent 278.25 <= prior 283.05) | No climax bar detected [Also in Screener.in screens — intersection],10.0,70.5
KPRMILL,REV-RS,0,None,,11,6,6,3,9,FULL,111111,Screener.in-pool+live+yf,False,"{'NI>0': True, 'FCF>0': True, 'ICR>3.5': True, 'D/E<2': True, 'CR>1': True, 'ROA>5%': True, 'Sales↑': True, 'Profit↑': True, 'OpLev↑': True}",2,9.847,-1.847,WEAKENING,2.11,True,15.46,14.44,0.94,52.1,64.5,True,False,False,False,5.4,,1141.4,1061.03,1334.0,1342.31,2.4,16.87,7.04,No higher-low structure (recent 1080.00 <= prior 1100.60) | No higher-low structure (recent 1080.00 <= prior 1100.60) | No climax bar detected,8.8,69.0
ATGL,REV-EARLY,0,None,,10,5,5,1,6,FULL,111101,Screener.in-pool+live+yf,False,"{'NI>0': True, 'FCF>0': True, 'ICR>3.5': True, 'D/E<2': True, 'ROA>5%': True, 'Sales↑': True}",2,0.87,3.498,LEADING,5.35,True,7.85,23.16,21.42,57.7,,True,False,False,False,5.4,,660.7,599.33,814.13,859.85,2.5,23.22,9.29,No higher-low structure (recent 576.40 <= prior 600.25) | No higher-low structure (recent 576.40 <= prior 600.25) | No climax bar detected,9.2,68.7
CHENNPETRO,REV-RS,0,None,,12,6,6,4,10,FULL,111111,Screener.in-pool+live+yf,False,"{'NI>0': True, 'FCF>0': True, 'ICR>3.5': True, 'D/E<2': True, 'CR>1': True, 'ROA>5%': True, 'Sales↑': True, 'Profit↑': True, 'OpLev↑': True, 'Deleverage': True}",2,20.604,-1.021,WEAKENING,4.73,True,32.43,15.55,0.45,56.9,4.2,True,False,False,False,5.4,,1416.6,1287.37,1677.5,1739.67,2.02,18.42,9.12,No EARLY breakout in last 5 trading days | Strict-trend not confirmed UP (dtrend=0) | No climax bar detected,8.0,67.3
POLYMED,REV-RS,0,None,,9,5,5,1,6,FULL,101111,Screener.in-pool+live+yf,False,"{'NI>0': True, 'ICR>3.5': True, 'D/E<2': True, 'CR>1': True, 'ROA>5%': True, 'Sales↑': True}",2,9.428,-0.282,WEAKENING,3.63,True,9.6,17.42,0.97,48.7,38.7,True,False,False,False,5.4,,1726.0,1652.74,1909.16,2090.02,2.5,10.61,4.24,No EARLY breakout in last 5 trading days | Strict-trend not confirmed UP (dtrend=0) | No climax bar detected,9.2,66.5
PNB,REV-RS,0,None,,7,3,3,2,5,FULL,110010,Screener.in-pool+live+yf,False,"{'NI>0': True, 'FCF>0': True, 'CR>1': True, 'Profit↑': True, 'OpLev↑': True}",3,6.599,4.712,LEADING,3.66,True,2.28,13.23,1.02,56.6,89.8,True,False,False,False,5.4,,117.27,112.05,130.32,135.15,2.5,11.13,4.45,No EARLY breakout in last 5 trading days | Strict-trend not confirmed UP (dtrend=0) | No climax bar detected,10.0,65.9
BRIGADE,REV-EARLY,0,None,,9,3,3,1,4,FULL,100110,Screener.in-pool+live+yf,False,"{'NI>0': True, 'D/E<2': True, 'CR>1': True, 'OpLev↑': True}",2,10.554,-3.751,WEAKENING,0.18,True,8.33,22.48,1.05,45.7,72.1,True,False,False,False,5.4,,621.7,585.12,713.16,802.01,2.5,14.71,5.88,No higher-low structure (recent 598.60 <= prior 622.60) | No higher-low structure (recent 598.60 <= prior 622.60) | No climax bar detected,9.0,65.5
NIACL,REV-EARLY,0,None,,9,3,3,1,4,FULL,101100,Screener.in-pool+live+yf,False,"{'NI>0': True, 'ICR>3.5': True, 'D/E<2': True, 'Sales↑': True}",2,10.003,-0.379,WEAKENING,4.99,True,15.86,22.65,1.38,48.6,54.8,True,False,False,False,5.4,,187.66,173.49,223.08,242.6,2.5,18.87,7.55,No higher-low structure (recent 179.15 <= prior 182.41) | No higher-low structure (recent 179.15 <= prior 182.41) | No climax bar detected,9.0,65.5
HDFCLIFE,WYC-SOS,0,None,,10,4,4,3,7,FULL,111100,Screener.in-pool+live+yf,False,"{'NI>0': True, 'FCF>0': True, 'ICR>3.5': True, 'D/E<2': True, 'Sales↑': True, 'Profit↑': True, 'Deleverage': True}",4,-3.943,5.573,IMPROVING,2.3,False,-12.19,30.62,1.59,52.8,87.1,True,False,False,False,5.4,2026-09-09,550.95,511.06,650.67,794.07,2.5,18.1,7.24,"RS slope negative | RS slope negative | CB buy: climax 7d ago, turn 1d ago",8.5,65.2
CARBORUNIV,REV-RS,0,None,,11,5,5,3,8,FULL,111110,Screener.in-pool+live+yf,False,"{'NI>0': True, 'FCF>0': True, 'ICR>3.5': True, 'D/E<2': True, 'CR>1': True, 'Sales↑': True, 'Profit↑': True, 'OpLev↑': True}",2,7.47,-5.872,WEAKENING,-0.98,True,17.33,13.76,2.63,53.4,68.1,True,False,False,False,5.4,,1124.4,995.24,1303.79,1447.29,1.39,15.95,11.49,No higher-low structure (recent 1018.10 <= prior 1068.50) | No higher-low structure (recent 1018.10 <= prior 1068.50) | No climax bar detected,8.0,65.0
HDBFS,REV-EARLY,0,None,,7,1,1,4,5,FULL,100000,Screener.in-pool+live+yf,False,"{'NI>0': True, 'Sales↑': True, 'Profit↑': True, 'OpLev↑': True, 'Deleverage': True}",3,3.243,3.609,LEADING,3.4,True,0.61,12.09,1.26,58.2,,True,False,False,False,5.4,,698.4,655.01,794.43,806.88,2.21,13.75,6.21,No higher-low structure (recent 662.40 <= prior 666.40) | No higher-low structure (recent 662.40 <= prior 666.40) | No climax bar detected,9.5,63.4
JUBLPHARMA,REV-RS,0,None,,9,5,5,1,6,FULL,111110,Screener.in-pool+live+yf,False,"{'NI>0': True, 'FCF>0': True, 'ICR>3.5': True, 'D/E<2': True, 'CR>1': True, 'Sales↑': True}",2,12.732,20.833,LEADING,24.67,True,11.77,9.61,1.09,87.5,86.9,False,False,False,False,5.4,,1065.4,965.27,1178.7,1315.72,1.13,10.63,9.4,Regime gate failed | Regime gate failed | No climax bar detected,8.5,63.0
CRISIL,REV-RS,0,None,,10,6,6,4,10,FULL,111111,Screener.in-pool+live+yf,False,"{'NI>0': True, 'FCF>0': True, 'ICR>3.5': True, 'D/E<2': True, 'CR>1': True, 'ROA>5%': True, 'Sales↑': True, 'Profit↑': True, 'OpLev↑': True, 'Deleverage': True}",2,8.239,3.3,LEADING,4.46,True,6.53,8.98,1.25,40.2,0.0,False,False,False,False,5.4,,4577.5,4378.39,5029.14,5075.28,2.27,9.87,4.35,Regime gate failed | Regime gate failed | No climax bar detected,8.0,62.7
POLICYBZR,REV-RS,0,None,,10,5,5,2,7,FULL,101111,Screener.in-pool+live+yf,False,"{'NI>0': True, 'ICR>3.5': True, 'D/E<2': True, 'CR>1': True, 'ROA>5%': True, 'Sales↑': True, 'OpLev↑': True}",2,6.166,-2.627,WEAKENING,0.02,True,5.59,11.26,1.06,35.8,52.0,True,False,False,False,5.4,,1743.0,1680.68,1898.8,1964.2,2.5,8.94,3.58,No higher-low structure (recent 1710.10 <= prior 1752.30) | No higher-low structure (recent 1710.10 <= prior 1752.30) | No climax bar detected,8.0,62.7
PCBL,REV-RS,0,None,,10,3,3,3,6,FULL,110100,Screener.in-pool+live+yf,False,"{'NI>0': True, 'FCF>0': True, 'D/E<2': True, 'Sales↑': True, 'Profit↑': True, 'OpLev↑': True}",2,12.706,7.069,LEADING,9.23,True,14.18,15.17,0.55,64.5,,True,False,False,False,5.4,,336.7,304.79,396.93,416.48,1.89,17.89,9.48,No higher-low structure (recent 310.25 <= prior 310.70) | No higher-low structure (recent 310.25 <= prior 310.70) | No climax bar detected,8.0,62.7
ETERNAL,REV-RS,0,None,,10,4,4,2,6,FULL,110110,Screener.in-pool+live+yf,False,"{'NI>0': True, 'FCF>0': True, 'D/E<2': True, 'CR>1': True, 'Sales↑': True, 'Profit↑': True}",2,18.752,-2.467,WEAKENING,2.66,True,18.84,11.29,0.55,48.2,,True,False,False,False,5.4,,326.85,306.88,368.45,376.78,2.08,12.73,6.11,No higher-low structure (recent 310.80 <= prior 315.80) | No higher-low structure (recent 310.80 <= prior 315.80) | No climax bar detected,8.0,62.7
CHALET,REV-EARLY,0,None,,10,5,5,2,7,FULL,111101,Screener.in-pool+live+yf,False,"{'NI>0': True, 'FCF>0': True, 'ICR>3.5': True, 'D/E<2': True, 'ROA>5%': True, 'OpLev↑': True, 'Deleverage': True}",2,6.965,1.857,LEADING,3.58,True,5.29,17.83,3.45,36.2,39.4,True,False,False,False,5.4,,865.65,815.36,991.36,1053.43,2.5,14.52,5.81,No higher-low structure (recent 828.15 <= prior 862.21) | No higher-low structure (recent 828.15 <= prior 862.21) | No climax bar detected,7.8,61.7
POONAWALLA,REV-RS,0,None,,7,1,1,3,4,FULL,100000,Screener.in-pool+live+yf,False,"{'NI>0': True, 'Sales↑': True, 'Profit↑': True, 'OpLev↑': True}",2,9.444,-0.241,WEAKENING,0.78,True,8.59,15.95,5.69,50.2,78.6,True,False,False,False,5.4,,479.4,434.61,570.4,591.38,2.03,18.98,9.34,No higher-low structure (recent 428.10 <= prior 444.35) | No higher-low structure (recent 428.10 <= prior 444.35) | No climax bar detected,9.0,60.9
ASAHIINDIA,REV-RS,0,None,,11,4,4,4,8,FULL,101110,Screener.in-pool+live+yf,False,"{'NI>0': True, 'ICR>3.5': True, 'D/E<2': True, 'CR>1': True, 'Sales↑': True, 'Profit↑': True, 'OpLev↑': True, 'Deleverage': True}",1,8.62,1.354,LEADING,2.73,True,5.97,10.33,0.58,55.6,56.1,True,False,False,False,5.4,,961.05,908.86,1071.8,1091.53,2.12,11.52,5.43,No higher-low structure (recent 920.00 <= prior 932.19) | No higher-low structure (recent 920.00 <= prior 932.19) | No climax bar detected,7.0,60.0
PARADEEP,REV-RS,0,None,,13,5,5,3,8,FULL,101111,Screener.in-pool+live+yf,False,"{'NI>0': True, 'ICR>3.5': True, 'D/E<2': True, 'CR>1': True, 'ROA>5%': True, 'Sales↑': True, 'Profit↑': True, 'OpLev↑': True}",2,14.17,3.358,LEADING,7.97,True,14.05,22.96,0.28,37.3,77.8,True,False,False,False,5.4,,155.62,142.3,188.92,201.99,2.5,21.4,8.56,No higher-low structure (recent 145.00 <= prior 152.31) | No higher-low structure (recent 145.00 <= prior 152.31) | No climax bar detected,6.0,59.5
SUNDARMFIN,REV-EARLY,0,None,,6,2,2,2,4,FULL,100010,Screener.in-pool+live+yf,False,"{'NI>0': True, 'CR>1': True, 'Sales↑': True, 'Profit↑': True}",3,3.591,9.524,LEADING,7.48,True,-1.25,16.15,3.23,71.1,67.8,True,False,False,False,5.4,,4730.6,4414.8,5520.11,5642.0,2.5,16.69,6.68,No EARLY breakout in last 5 trading days | No RS breakout in last 5 trading days | No climax bar detected,9.0,58.6
MAXHEALTH,REV-EARLY,0,None,,9,5,5,2,7,FULL,111101,Screener.in-pool+live+yf,False,"{'NI>0': True, 'FCF>0': True, 'ICR>3.5': True, 'D/E<2': True, 'ROA>5%': True, 'Sales↑': True, 'Profit↑': True}",3,1.887,8.264,LEADING,8.1,True,1.43,13.97,1.14,52.4,82.9,True,False,False,False,5.4,,1049.3,982.09,1217.31,1219.73,2.5,16.01,6.4,No EARLY breakout in last 5 trading days | Strict-trend not confirmed UP (dtrend=0) | No climax bar detected,7.5,58.0
WOCKPHARMA,REV-RS,0,None,,11,3,3,4,7,FULL,100110,Screener.in-pool+live+yf,False,"{'NI>0': True, 'D/E<2': True, 'CR>1': True, 'Sales↑': True, 'Profit↑': True, 'OpLev↑': True, 'Deleverage': True}",2,17.734,7.153,LEADING,13.93,True,29.23,13.88,0.66,56.7,60.3,True,False,False,False,5.4,,2086.1,1836.18,2422.3,2710.89,1.35,16.12,11.98,"EARLY trendline reclaim 4d ago, base compressed | No RS breakout in last 5 trading days | No climax bar detected",6.5,57.5
PPLPHARMA,REV-RS,0,None,,8,3,3,1,4,FULL,010110,Screener.in-pool+live+yf,False,"{'FCF>0': True, 'D/E<2': True, 'CR>1': True, 'OpLev↑': True}",2,16.463,-5.795,WEAKENING,0.36,True,20.31,10.25,0.51,39.4,84.0,True,False,False,False,5.4,,208.16,195.17,231.93,240.62,1.83,11.42,6.24,No higher-low structure (recent 198.86 <= prior 210.50) | No higher-low structure (recent 198.86 <= prior 210.50) | No climax bar detected,7.5,55.7
BALRAMCHIN,REV-RS,0,None,,9,4,4,1,5,FULL,101110,Screener.in-pool+live+yf,False,"{'NI>0': True, 'ICR>3.5': True, 'D/E<2': True, 'CR>1': True, 'Sales↑': True}",2,17.936,-12.218,WEAKENING,-5.0,True,27.85,13.87,0.3,54.6,35.5,True,False,False,False,5.4,,672.6,620.91,780.95,801.83,2.1,16.11,7.69,No EARLY breakout in last 5 trading days | No RS breakout in last 5 trading days | No climax bar detected,7.0,55.5
DEVYANI,REV-RS,0,None,,9,1,1,3,4,FULL,010000,Screener.in-pool+live+yf,False,"{'FCF>0': True, 'Sales↑': True, 'Profit↑': True, 'OpLev↑': True}",2,17.882,-2.558,WEAKENING,0.32,True,14.53,23.07,0.53,52.3,71.5,True,False,False,False,5.4,,140.62,131.53,163.34,182.8,2.5,16.16,6.46,No higher-low structure (recent 133.75 <= prior 135.26) | No higher-low structure (recent 133.75 <= prior 135.26) | No climax bar detected,7.0,55.5
TATACOMM,REV-EARLY,0,None,,7,2,2,2,4,FULL,110000,Screener.in-pool+live+yf,False,"{'NI>0': True, 'FCF>0': True, 'Sales↑': True, 'OpLev↑': True}",2,2.815,8.113,LEADING,10.78,True,4.55,15.64,2.46,65.1,61.1,True,False,False,False,5.4,,1780.1,1638.48,2110.0,2134.15,2.33,18.53,7.96,"EARLY trendline reclaim 0d ago, base compressed | No RS breakout in last 5 trading days | No climax bar detected",7.0,50.9
JUBLFOOD,REV-RS,0,None,,8,3,3,2,5,FULL,110001,Screener.in-pool+live+yf,False,"{'NI>0': True, 'FCF>0': True, 'ROA>5%': True, 'Sales↑': True, 'Profit↑': True}",3,9.796,2.372,LEADING,1.65,True,3.22,21.54,1.27,55.7,,True,False,False,False,5.4,,500.0,459.31,601.72,637.3,2.5,20.34,8.14,No higher-low structure (recent 461.60 <= prior 467.95) | No higher-low structure (recent 461.60 <= prior 467.95) | No climax bar detected,6.5,50.7
SAPPHIRE,REV-RS,0,None,,10,2,2,3,5,FULL,010100,Screener.in-pool+live+yf,False,"{'FCF>0': True, 'D/E<2': True, 'Sales↑': True, 'Profit↑': True, 'OpLev↑': True}",2,19.956,-6.783,WEAKENING,-2.18,True,14.77,29.19,0.48,37.1,69.7,True,False,False,False,5.4,,230.11,214.77,268.46,324.95,2.5,16.66,6.67,No higher-low structure (recent 219.31 <= prior 223.50) | No higher-low structure (recent 219.31 <= prior 223.50) | No climax bar detected,5.5,50.2
