Symbol,Name,BSE Code,NSE Code,ISIN Code,Industry Group,Industry,Current Price,Net profit,Cash from operations last year,Interest Coverage Ratio,Debt to equity,Current ratio,Return on assets,DMA 200,Down from 52w high
3MINDIA,3M India,523395,3MINDIA,INE470A01017,Diversified,Diversified,32988.25,577.7,513.72,21.25,0.1,2.18,17.62,33461.39,13.87
ABBOTINDIA,Abbott India,500488,ABBOTINDIA,INE358A01014,Pharmaceuticals & Biotechnology,Pharmaceuticals,25530.0,1614.68,1319.24,87.06,0.04,2.55,24.91,27406.17,19.08
ALKEM,Alkem Lab,539523,ALKEM,INE540L01014,Pharmaceuticals & Biotechnology,Pharmaceuticals,5185.35,2204.23,1963.03,18.23,0.15,2.4,12.92,5458.98,12.61
ASIANPAINT,Asian Paints,500820,ASIANPAINT,INE021A01026,Consumer Durables,Paints,2480.15,4837.09,7088.18,34.95,0.18,1.52,13.91,2591.99,16.93
BAYERCROP,Bayer Crop Sci.,506285,BAYERCROP,INE462A01022,Fertilizers & Agrochemicals,Pesticides & Agrochemicals,3980.0,732.1,1078.5,48.52,0.03,1.89,12.59,4468.86,27.49
BERGEPAINT,Berger Paints,509480,BERGEPAINT,INE463A01038,Consumer Durables,Paints,481.0,1217.99,1540.04,30.24,0.09,1.74,11.82,506.2,19.1
BIKAJI,Bikaji Foods,543653,BIKAJI,INE00E101023,Food Products,Packaged Foods,580.9,270.48,293.63,33.09,0.13,2.46,14.54,657.44,27.51
BLUESTARCO,Blue Star,500067,BLUESTARCO,INE472A01039,Consumer Durables,Household Appliances,1459.0,509.02,153.81,10.32,0.24,1.22,6.64,1688.45,28.23
CAMPUS,Campus Activewe.,543523,CAMPUS,INE278Y01022,Consumer Durables,Footwear,217.3,154.03,134.77,9.57,0.26,2.43,10.62,241.9,24.82
CAMS,Cams Services,543232,CAMS,INE596I01020,Capital Markets,"Depositories, Clearing Houses and Other Intermediaries",730.95,453.72,577.73,109.63,0.04,2.64,27.63,759.53,13.49
CHAMBLFERT,Chambal Fert.,500085,CHAMBLFERT,INE085A01013,Fertilizers & Agrochemicals,Fertilizers,418.9,1927.98,137.77,122.59,0.1,2.14,14.79,458.68,25.06
COLPAL,Colgate-Palmoliv,500830,COLPAL,INE259A01022,Personal Products,Personal Care,1819.0,1347.77,1806.3,485.87,0.03,1.28,41.82,2086.76,24.76
COROMANDEL,Coromandel Inter,506395,COROMANDEL,INE169A01031,Fertilizers & Agrochemicals,Fertilizers,1953.0,1778.11,1557.54,7.94,0.12,1.34,8.68,2053.19,21.85
DOMS,DOMS Industries,544045,DOMS,INE321T01012,Household Products,Stationary,2192.7,225.75,254.34,33.52,0.12,2.17,14.89,2321.08,20.41
FIEMIND,Fiem Industries,532768,FIEMIND,INE737H01014,Auto Components,Auto Components & Equipments,2051.9,262.95,161.28,101.0,0.05,2.61,16.3,2187.11,23.29
GILLETTE,Gillette India,507815,GILLETTE,INE322A01010,Personal Products,Personal Care,7525.0,668.07,606.64,75.66,0.0,1.54,34.56,8030.96,28.69
GPIL,Godawari Power,532734,GPIL,INE177H01039,Industrial Products,Iron & Steel Products,245.45,807.69,1157.4,18.75,0.08,3.0,12.22,254.7,23.3
GULFOILLUB,Gulf Oil Lubric.,538567,GULFOILLUB,INE635Q01029,Petroleum Products,Lubricants,1059.4,381.78,362.52,10.56,0.33,1.84,13.12,1075.15,20.42
HAVELLS,Havells India,517354,HAVELLS,INE176B01034,Consumer Durables,Consumer Electronics,1140.7,1631.43,1571.99,62.5,0.03,1.71,11.84,1297.28,29.7
HCLTECH,HCL Technologies,532281,HCLTECH,INE860A01027,IT - Software,Computers - Software & Consulting,1285.0,17434.0,19975.0,33.23,0.07,2.0,15.71,1349.6,27.81
IGIL,International Gemological Instit,544311,IGIL,INE0Q9301021,Commercial Services & Supplies,Diversified Commercial Services,317.95,609.68,624.1,82.21,0.1,5.04,42.4,347.88,18.89
KEI,KEI Industries,517569,KEI,INE878B01027,Industrial Products,Cables - Electricals,4704.8,996.82,839.95,20.89,0.04,2.96,11.35,4867.55,20.68
KFINTECH,KFin Technolog.,543720,KFINTECH,INE138Y01010,Capital Markets,"Depositories, Clearing Houses and Other Intermediaries",923.3,341.66,369.6,97.36,0.03,2.43,14.73,952.88,24.15
KSB,KSB,500249,KSB,INE999A01023,Industrial Products,"Compressors, Pumps & Diesel Engines",824.0,245.5,92.58,101.8,0.0,2.04,11.32,827.21,19.87
LTTS,L&T Technology,540115,LTTS,INE010V01017,IT - Services,IT Enabled Services,3387.8,1322.1,1455.1,30.44,0.09,1.84,13.46,3658.96,28.63
LUPIN,Lupin,500257,LUPIN,INE326A01037,Pharmaceuticals & Biotechnology,Pharmaceuticals,2112.0,5550.99,7334.5,18.76,0.29,1.62,17.01,2244.78,16.52
METROBRAND,Metro Brands,543426,METROBRAND,INE317I01021,Consumer Durables,Footwear,951.0,412.34,473.79,5.68,0.79,1.85,11.25,1036.16,29.05
MPHASIS,Mphasis,526299,MPHASIS,INE356A01018,IT - Software,Computers - Software & Consulting,2344.05,1910.41,1253.28,13.42,0.24,1.16,11.67,2438.39,22.82
OLECTRA,Olectra Greentec,532439,OLECTRA,INE260D01016,Automobiles,Passenger Cars & Utility Vehicles,1219.0,180.16,103.76,4.39,0.31,1.58,7.58,1282.88,28.89
PGHL,P & G Health Ltd,500126,PGHL,INE199A01012,Pharmaceuticals & Biotechnology,Pharmaceuticals,5609.0,356.88,337.79,805.16,0.02,2.18,40.15,5817.82,19.58
PAGEIND,Page Industries,532827,PAGEIND,INE761H01022,Textiles & Apparels,Garments & Apparels,35971.8,755.84,794.4,22.16,0.18,1.72,28.73,38132.62,21.61
PFIZER,Pfizer,500680,PFIZER,INE182A01018,Pharmaceuticals & Biotechnology,Pharmaceuticals,4313.45,735.15,967.57,136.5,0.02,6.06,15.43,4790.42,22.68
POLYCAB,Polycab India,542652,POLYCAB,INE455K01017,Industrial Products,Cables - Electricals,8366.0,2905.4,3810.67,15.24,0.02,1.41,14.91,8446.95,17.4
POWERMECH,Power Mech Proj.,539302,POWERMECH,INE211R01019,Construction,Civil Construction,2418.75,420.47,387.45,5.86,0.26,1.71,7.98,2487.89,23.11
REDTAPE,Redtape,543957,REDTAPE,INE0LXT01019,Consumer Durables,Footwear,115.7,246.43,174.01,6.07,0.7,1.57,10.65,130.05,29.24
RITES,Rites,541556,RITES,INE320J01015,Construction,Civil Construction,212.9,461.33,327.48,193.13,0.0,1.67,7.54,222.66,24.21
SANDUMA,Sandur Manganese,504918,SANDUMA,INE149K01016,Ferrous Metals,Iron & Steel,196.8,718.83,1142.72,6.04,0.31,1.04,12.12,203.16,27.91
SANOFICONR,Sanofi Consumer,544250,SANOFICONR,INE0UOS01011,Pharmaceuticals & Biotechnology,Pharmaceuticals,4079.0,266.0,174.8,179.6,0.06,2.03,48.08,4552.65,24.38
SCHAEFFLER,Schaeffler India,505790,SCHAEFFLER,INE513A01022,Auto Components,Auto Components & Equipments,3953.95,1291.05,1342.52,437.32,0.01,2.5,15.82,4021.33,11.5
SUPREMEIND,Supreme Inds.,509930,SUPREMEIND,INE195A01028,Industrial Products,Plastic Products - Industrial,3521.95,1032.4,1224.77,44.76,0.01,2.2,12.47,3636.65,24.26
TENNIND,Tenneco Clean,544612,TENNIND,INE19RI01016,Auto Components,Auto Components & Equipments,526.8,601.52,1429.48,24.95,0.04,1.42,23.25,548.44,19.82
TRENT,Trent,500251,TRENT,INE849A01020,Retailing,Speciality Retail,2790.1,1814.7,2667.62,14.63,0.37,1.06,16.34,2932.5,22.06
VINATIORGA,Vinati Organics,524200,VINATIORGA,INE410B01037,Chemicals & Petrochemicals,Specialty Chemicals,1342.7,498.56,628.42,16550.25,0.0,4.35,14.17,1415.42,27.42
