Name,BSE Code,NSE Code,ISIN Code,Industry Group,Industry,Current Price,Net profit,Cash from operations last year,Interest Coverage Ratio,Debt to equity,Current ratio,Return on assets,Market Capitalization,YOY Quarterly sales growth,YOY Quarterly profit growth
Action Const.Eq.,532762,ACE,INE731H01025,"Agricultural, Commercial & Construction Vehicles",Construction Vehicles,1229.20,436.87,417.25,32.23,0.00,0.87,13.87,14637.71,20.49,22.28
Acutaas Chemical,543349,ACUTAAS,INE00FF01025,Pharmaceuticals & Biotechnology,Pharmaceuticals,3440.30,387.35,292.17,141.20,0.02,3.82,20.17,28166.12,59.08,67.67
Adani Power,533096,ADANIPOWER,INE814H01029,Power,Integrated Power Utilities,206.60,14532.55,20513.65,6.19,0.84,1.34,10.15,398421.79,33.97,41.98
Aditya Infotech,544466,CPPLUS,INE819V01029,Industrial Manufacturing,Industrial Products,3355.10,477.29,13.47,27.64,0.14,1.53,10.26,39690.98,89.51,332.48
Aditya Vision,540205,AVL,INE679V01027,Retailing,Speciality Retail,636.95,138.98,74.95,5.53,0.83,1.90,8.83,8225.45,26.85,39.99
Apar Inds.,532259,APARINDS,INE372A01015,Electrical Equipment,Other Electrical Equipment,18858.00,1181.51,967.58,4.40,0.18,1.44,8.03,78962.85,29.13,77.80
Apollo Hospitals,508869,APOLLOHOSP,INE437A01024,Healthcare Services,Hospital,8944.50,2172.00,2855.70,7.27,0.90,0.91,9.01,128608.19,20.56,34.17
ASK Automotive,544022,ASKAUTOLTD,INE491J01022,Auto Components,Auto Components & Equipments,656.25,316.38,301.19,8.73,0.52,1.04,13.20,12937.48,52.38,28.83
Atlanta Electric,544527,ATLANTAELE,INE0Z4F01028,Electrical Equipment,Heavy Electrical Equipment,1666.10,217.47,184.33,6.40,0.05,1.69,17.08,12811.75,47.99,50.42
Avalon Tech,543896,AVALON,INE0LCL01028,Electrical Equipment,Other Electrical Equipment,2537.70,133.60,57.19,13.45,0.30,1.91,9.58,16972.72,49.83,145.39
Bajaj Auto,532977,BAJAJ-AUTO,INE917I01010,Automobiles,2/3 Wheelers,11414.00,11552.81,2596.60,12.60,0.58,1.36,16.21,313661.10,65.14,45.93
C P C L,500110,CHENNPETRO,INE178A01016,Petroleum Products,Refineries & Marketing,1416.60,4173.98,2944.96,42.47,0.18,1.42,16.54,21094.79,84.77,2671.95
CARE Ratings,534804,CARERATING,INE752H01013,Capital Markets,Ratings,1668.60,180.18,147.57,98.54,0.03,5.58,16.85,5025.56,18.92,25.14
Central Mine Pla,544739,CMPDI,INE05HV01027,Construction,Civil Construction,214.58,613.18,716.42,10295.63,0.00,3.35,20.63,15321.01,17.62,53.88
Coforge,532541,COFORGE,INE591G01025,IT - Software,Computers - Software & Consulting,1841.00,1920.00,1791.70,13.08,0.08,1.61,14.09,81552.27,49.22,96.31
Corona Remedies,544644,CORONA,INE02ZQ01018,Pharmaceuticals & Biotechnology,Pharmaceuticals,2201.80,198.55,229.48,37.39,0.22,0.96,18.71,13466.23,21.90,29.53
CRISIL,500092,CRISIL,INE007A01025,Finance,Other Financial Services,4577.50,884.32,755.58,49.02,0.10,1.87,16.07,33475.27,27.56,26.16
Dhoot Transmission,544867,DHOOTTRANS,INE01NH01023,Auto Components,Auto Components & Equipments,1590.70,396.84,347.66,6.75,0.38,1.94,12.81,32537.46,49.68,36.89
Divi's Lab.,532488,DIVISLAB,INE361B01024,Pharmaceuticals & Biotechnology,Pharmaceuticals,9375.00,2925.00,2738.00,151.35,0.00,5.43,14.20,248876.79,27.80,65.50
Dr Lal Pathlabs,539524,LALPATHLAB,INE600L01024,Healthcare Services,Healthcare Service Provider,1896.90,546.30,635.61,31.61,0.08,2.54,18.01,31839.24,19.10,28.02
Eicher Motors,505200,EICHERMOT,INE066A01021,Automobiles,2/3 Wheelers,7516.00,5772.52,4804.84,96.68,0.02,1.34,18.74,206330.52,31.55,21.35
Elantas Beck,500123,ELANTAS,INE280B01018,Chemicals & Petrochemicals,Specialty Chemicals,14228.00,177.57,127.11,395.50,0.00,5.85,13.53,11279.51,34.99,80.35
Elgi Equipments,522074,ELGIEQUIP,INE285A01027,Industrial Products,"Compressors, Pumps & Diesel Engines",609.55,447.90,453.50,26.79,0.24,1.98,11.84,19317.19,22.56,27.00
Emcure Pharma,544210,EMCURE,INE168P01015,Pharmaceuticals & Biotechnology,Pharmaceuticals,2003.80,1018.96,943.55,10.55,0.31,1.43,10.91,38014.22,22.85,40.45
Emmvee Photovol.,544608,EMMVEE,INE1C6T01020,Electrical Equipment,Other Electrical Equipment,328.00,1274.17,200.14,14.91,0.10,2.04,22.16,22708.92,51.34,102.64
Esab India,500133,ESABINDIA,INE284A01012,Industrial Products,Other Industrial Products,5627.50,221.89,180.69,163.38,0.01,1.98,28.60,8662.42,19.63,37.13
Fine Organic,541557,FINEORG,INE686Y01026,Chemicals & Petrochemicals,Specialty Chemicals,5199.00,438.10,429.60,127.47,0.03,8.49,14.84,15940.12,17.98,23.45
FSN E-Commerce,543384,NYKAA,INE388Y01029,Retailing,E-Retail/ E-Commerce,332.15,259.23,644.30,4.81,0.86,1.16,4.98,95137.55,29.10,243.10
Fujiyama Power,544613,UTLSOLAR,INE12UR01024,Electrical Equipment,Other Electrical Equipment,418.65,294.33,-2.89,12.96,0.41,1.72,18.22,12848.44,125.28,168.56
Garware Tech.,509557,GARFIBRES,INE276A01018,Textiles & Apparels,Other Textile Products,819.00,210.14,162.07,22.80,0.03,2.09,11.50,7997.40,31.35,21.68
GE Shipping Co,500620,GESHIP,INE017A01032,Transport Services,Shipping,1432.10,3746.86,2853.87,35.59,0.06,5.35,13.40,20445.69,66.91,159.43
GE Vernova T&D,522275,GVT&D,INE200A01026,Electrical Equipment,Heavy Electrical Equipment,4385.00,1305.04,1709.88,118.41,0.01,1.33,20.66,112277.93,38.04,24.65
Glenmark Pharma.,532296,GLENMARK,INE935A01035,Pharmaceuticals & Biotechnology,Pharmaceuticals,2447.40,1797.79,3445.03,22.89,0.06,1.77,12.71,69071.67,23.10,85.50
GNG Electronics,544455,EBGNG,INE18JU01028,IT - Hardware,Computers Hardware & Equipments,703.05,142.43,-215.30,4.53,0.57,2.51,13.38,8015.58,32.08,56.21
Guj. Themis Bio.,506879,GUJTHEM,INE942C01045,Pharmaceuticals & Biotechnology,Pharmaceuticals,427.40,48.68,48.78,14.86,0.56,1.12,11.60,5562.68,22.08,22.19
Gulf Oil Lubric.,538567,GULFOILLUB,INE635Q01029,Petroleum Products,Lubricants,1070.10,381.78,362.52,10.56,0.33,1.84,13.12,5302.94,32.52,31.93
Happy Forgings,544057,HAPPYFORGE,INE330T01021,Industrial Products,Castings & Forgings,2148.30,327.40,444.67,39.86,0.15,1.83,12.34,20280.20,27.03,39.23
Himadri Special,500184,HSCL,INE019C01026,Chemicals & Petrochemicals,Carbon Black,675.35,804.14,382.01,15.94,0.16,2.18,13.73,34076.42,28.04,26.33
Hitachi Energy,543187,POWERINDIA,INE07Y701011,Electrical Equipment,Heavy Electrical Equipment,32700.00,1150.39,1244.83,132.11,0.02,1.55,9.96,145751.63,68.62,123.52
Honasa Consumer,544014,HONASA,INE0J5401028,Personal Products,Personal Care,479.55,249.32,141.35,26.29,0.10,1.27,10.42,15634.49,27.00,118.36
ICICI AMC,544658,ICICIAMC,INE346A01027,Capital Markets,Asset Management Company,3206.70,3485.73,3281.56,267.96,0.00,0.65,70.70,158493.88,17.55,23.10
International Gemological Instit,544311,IGIL,INE0Q9301021,Commercial Services & Supplies,Diversified Commercial Services,330.95,609.68,624.10,82.21,0.10,5.04,42.40,14302.33,23.22,30.99
Inventurus Knowl,544309,IKS,INE115Q01022,IT - Services,IT Enabled Services,1779.90,763.76,673.59,16.43,0.27,1.12,20.38,30554.33,20.74,27.85
Ipca Labs.,524494,IPCALAB,INE571A01038,Pharmaceuticals & Biotechnology,Pharmaceuticals,2009.60,1375.16,1141.97,28.42,0.10,2.49,10.15,50984.40,20.76,72.33
Kajaria Ceramics,500233,KAJARIACER,INE217B01036,Consumer Durables,Ceramics,1202.70,547.72,663.67,36.92,0.07,2.97,13.39,18899.59,20.43,52.43
Karamtara Engg.,544917,KARAMTARA,INE590T01012,Electrical Equipment,Heavy Electrical Equipment,355.55,228.75,675.15,3.22,0.91,1.09,6.65,11442.41,34.23,51.57
Kennametal India,505890,KENNAMET,INE717A01029,Industrial Manufacturing,Industrial Products,4281.50,196.00,18.30,888.67,0.00,2.35,17.57,9409.98,47.68,183.71
Kingfa Science,524019,KINGFA,INE473D01015,Industrial Products,Plastic Products - Industrial,5828.00,225.67,66.21,94.34,0.01,4.06,12.73,7897.74,49.06,101.58
Knowledge Marine,543273,KMEW,INE0CJD01029,Engineering Services,Dredging,2885.60,131.07,74.34,9.03,0.39,1.22,13.04,7319.13,138.11,447.74
Kovai Medical,523323,KOVAI,INE177F01017,Healthcare Services,Hospital,6226.00,256.32,361.83,12.04,0.31,1.29,12.73,6811.24,15.35,20.72
KSH Internationa,544664,KSHINTL,INE987S01020,Industrial Products,Cables - Electricals,1046.95,129.67,-64.97,4.17,0.40,1.86,10.77,7093.68,108.38,86.16
Kusumgar,544821,KUSUMGAR,INE0ISX01025,Textiles & Apparels,Other Textile Products,591.20,88.13,35.78,5.61,0.49,1.98,10.23,6207.09,93.59,882.63
Laurus Labs,540222,LAURUSLABS,INE947Q01028,Pharmaceuticals & Biotechnology,Pharmaceuticals,1954.00,1090.53,1623.50,9.91,0.48,1.33,9.03,105577.01,29.10,125.49
LG Electronics,544576,LGEINDIA,INE324D01010,Consumer Durables,Household Appliances,1696.90,1824.69,1721.25,61.30,0.06,2.08,13.38,115180.89,15.49,27.20
Lodha Developers,543287,LODHA,INE670K01029,Realty,"Residential, Commercial Projects",1144.70,4128.70,959.30,8.62,0.42,1.73,6.22,114393.89,43.10,103.36
Lohia Corp,544839,LCL,INE0QJW01029,Industrial Manufacturing,Industrial Products,538.60,193.45,325.16,19.57,0.34,1.06,17.48,5690.31,59.51,295.78
Manorama Indust.,541974,MANORAMA,INE00VM01036,Food Products,Other Food Products,1966.90,264.23,259.37,10.31,0.51,2.00,21.30,12415.54,39.51,61.31
Marico,531642,MARICO,INE196A01026,Agricultural Food & other Products,Edible Oil,803.90,1952.00,2084.00,38.67,0.13,0.95,19.79,104522.15,22.85,25.00
Marksans Pharma,524404,MARKSANS,INE750C01026,Pharmaceuticals & Biotechnology,Pharmaceuticals,320.15,521.27,458.13,28.54,0.11,5.17,11.80,14508.04,35.62,169.50
Molbio Diagnosti,544866,MOLBIO,INE869T01028,Healthcare Equipment & Supplies,Medical Equipment & Supplies,1288.30,164.14,50.39,7.93,0.38,2.48,9.21,14846.37,309.57,347.79
MSTC,542597,MSTCLTD,INE255X01014,Commercial Services & Supplies,Trading & Distributors,724.05,234.31,-27.79,,0.16,1.49,10.58,5097.31,21.71,37.51
Multi Comm. Exc.,534091,MCX,INE745G01043,Capital Markets,Exchange and Data Platform,3260.00,1541.80,3034.72,4255.46,0.00,0.87,22.51,83127.34,88.10,103.47
Natl. Aluminium,532234,NATIONALUM,INE139A01034,Non - Ferrous Metals,Aluminium,350.50,6750.67,6437.97,90.07,0.00,3.51,23.46,64373.94,39.28,90.87
Navin Fluo.Intl.,532504,NAVINFLUOR,INE048G01026,Chemicals & Petrochemicals,Specialty Chemicals,8590.00,789.70,893.57,9.72,0.32,1.46,11.56,44079.25,44.07,107.67
Nestle India,500790,NESTLEIND,INE239A01024,Food Products,Packaged Foods,1372.40,3860.49,5047.56,33.02,0.08,0.96,26.86,264641.86,25.16,48.61
Netweb Technol.,543945,NETWEB,INE0NT901020,IT - Services,IT Enabled Services,4664.50,260.65,789.92,15.86,0.39,1.44,13.05,27729.31,172.13,179.92
Neuland Labs.,524558,NEULANDLAB,INE794A01010,Pharmaceuticals & Biotechnology,Pharmaceuticals,22840.00,497.76,346.68,26.41,0.16,2.09,14.13,29303.47,119.16,962.37
Nippon Life Ind.,540767,NAM-INDIA,INE298J01013,Capital Markets,Asset Management Company,1155.00,1636.96,1466.02,313.05,0.02,1.54,31.01,73914.17,26.42,27.16
Oracle Fin.Serv.,532466,OFSS,INE881D01027,IT - Software,Software Products,11896.00,3412.90,2638.30,629.45,0.00,5.44,26.47,103594.09,68.73,120.52
P N Gadgil Jewe.,544256,PNGJL,INE953R01016,Consumer Durables,"Gems, Jewellery And Watches",604.75,445.82,-716.90,6.66,0.89,1.53,10.17,8902.08,40.73,51.92
Park Medi World,544645,PARKHOSPS,INE119201023,Healthcare Services,Hospital,282.05,296.75,329.09,8.10,0.18,2.06,11.11,12182.61,19.27,42.31
Pearl Global Ind,532808,PGIL,INE940H01022,Textiles & Apparels,Garments & Apparels,1146.10,303.72,398.34,4.48,0.65,1.60,9.15,10587.80,24.46,50.93
Pidilite Inds.,500331,PIDILITIND,INE318A01026,Chemicals & Petrochemicals,Specialty Chemicals,1572.10,2676.10,2828.45,67.83,0.04,1.29,16.91,160020.87,21.27,28.18
Polycab India,542652,POLYCAB,INE455K01017,Industrial Products,Cables - Electricals,8400.00,2905.40,3810.67,15.24,0.02,1.41,14.91,126580.93,39.01,32.46
Power Mech Proj.,539302,POWERMECH,INE211R01019,Construction,Civil Construction,2371.40,420.47,387.45,5.86,0.26,1.71,7.98,7497.49,25.53,51.90
Powerica Ltd,544744,POWERICA,INE921L01032,Electrical Equipment,Heavy Electrical Equipment,576.30,291.15,452.88,15.23,0.29,1.61,8.41,7293.18,26.66,28.14
Prec. Wires (I),523539,PRECWIRE,INE372C01037,Industrial Products,"Aluminium, Copper & Zinc Products",478.40,174.63,272.96,4.33,0.38,1.21,8.78,8745.53,59.49,71.47
Premier Energies,544238,PREMIERENE,INE0BS701011,Electrical Equipment,Other Electrical Equipment,902.00,1673.82,1261.06,14.25,0.86,1.71,16.53,40946.43,35.25,50.45
Privi Speci.,530117,PRIVISCL,INE959A01019,Chemicals & Petrochemicals,Specialty Chemicals,3444.90,342.01,550.09,7.29,0.72,1.41,10.62,13456.71,19.22,35.98
Prudent Corp.,543527,PRUDENT,INE00F201020,Capital Markets,Financial Products Distributor,3501.60,245.04,216.54,58.24,0.04,1.25,20.49,14498.96,18.34,44.38
Quality Power El,544367,QPOWER,INE0SII01026,Electrical Equipment,Heavy Electrical Equipment,1536.10,195.20,80.28,34.27,0.07,2.48,19.31,11896.19,31.66,49.59
R R Kabel,543981,RRKABEL,INE777K01022,Industrial Products,Cables - Electricals,2450.80,607.61,295.29,10.49,0.13,1.62,12.39,27719.90,53.90,117.32
Raghav Product.,539837,RPEL,INE912T01018,Industrial Products,Electrodes & Refractories,1652.40,62.69,37.00,118.00,0.02,4.28,20.64,7588.14,48.72,67.55
Redington,532805,REDINGTON,INE891D01026,Commercial Services & Supplies,Trading & Distributors,399.85,1504.66,231.35,7.05,0.28,1.41,4.51,31259.25,34.57,76.55
Rubicon Research,544578,RUBICON,INE506V01022,Pharmaceuticals & Biotechnology,Pharmaceuticals,1751.10,288.22,205.05,10.09,0.24,2.01,13.06,28986.29,51.59,95.80
Sedemac Mechatro,544723,SEDEMAC,INE00XB01019,Auto Components,Auto Components & Equipments,3147.80,103.58,128.02,18.41,0.16,1.38,15.53,13903.99,42.51,95.14
Seshaasai Tech.,544533,STYL,INE04VU01023,Financial Technology (Fintech),Financial Technology (Fintech),360.35,268.80,225.19,25.18,0.06,5.89,17.22,5830.67,21.02,68.35
Shaily Engineer.,501423,SHAILY,INE151G01028,Consumer Durables,Plastic Products - Consumer,3149.80,177.82,216.35,16.40,0.27,1.11,16.62,14487.58,22.07,45.87
Siemens Ener.Ind,544390,ENRIN,INE1NPP01017,Electrical Equipment,Heavy Electrical Equipment,3228.00,1488.00,3670.10,68.70,0.04,2.06,23.16,114955.70,39.28,67.83
SJS Enterprises,543387,SJS,INE284S01014,Auto Components,Auto Components & Equipments,2422.80,211.61,223.88,72.33,0.03,1.85,17.36,7813.42,24.49,57.47
Sky Gold & Diam.,541967,SKYGOLD,INE01IU01018,Consumer Durables,"Gems, Jewellery And Watches",783.70,343.15,-44.92,6.00,0.73,1.77,15.87,12137.47,77.93,136.94
Solar Industries,532725,SOLARINDS,INE343H01029,Chemicals & Petrochemicals,Explosives,18555.00,2050.39,620.87,19.92,0.24,2.06,19.14,167904.30,70.26,92.66
Spectrum Electr.,544386,SPECTRUM,INE01EO01010,Industrial Manufacturing,Industrial Products,3039.60,50.00,70.79,5.06,0.89,1.36,8.19,5193.91,84.36,118.23
Sri Lotus,544469,LOTUSDEV,INE0V9Q01010,Realty,"Residential, Commercial Projects",215.13,263.23,-325.85,180.76,0.07,6.08,13.63,10513.91,115.83,77.51
Stylam Industrie,526951,STYLAMIND,INE239C01020,Consumer Durables,Plywood Boards/ Laminates,3295.50,169.37,177.08,64.70,0.04,3.47,16.56,5585.23,15.37,70.38
Sudeep Pharma,544619,SUDEEPPHRM,INE0QPI01025,Pharmaceuticals & Biotechnology,Pharmaceuticals,1155.00,183.61,69.55,30.98,0.17,3.09,18.43,13045.57,26.70,31.61
Tata Motors,544569,TMCV,INE1TAE01010,"Agricultural, Commercial & Construction Vehicles",Commercial Vehicles,442.90,4187.00,14981.00,14.08,0.44,0.59,7.98,163110.74,19.30,87.00
TBO Tek,544174,TBOTEK,INE673O01025,Leisure Services,"Tour, Travel Related Services",1710.60,264.70,-20.77,7.18,0.49,1.04,3.08,18575.03,81.07,47.12
TD Power Systems,533553,TDPOWERSYS,INE419M01035,Electrical Equipment,Heavy Electrical Equipment,763.75,274.99,129.07,225.94,0.02,1.95,14.74,23863.89,72.10,72.34
Tech Mahindra,532755,TECHM,INE669C01036,IT - Software,Computers - Software & Consulting,1537.10,5163.00,6172.00,20.60,0.07,1.67,10.68,150656.36,17.68,28.45
Technocraf.Inds.,532804,TIIL,INE545H01011,Industrial Products,Iron & Steel Products,3054.10,348.49,243.48,8.82,0.41,2.00,9.55,6924.50,27.20,68.38
Timex Group,500414,TIMEX,INE064A01026,Consumer Durables,"Gems, Jewellery And Watches",714.20,85.79,90.99,23.82,0.95,1.81,26.89,7209.85,29.57,70.55
Travel Food,544443,TRAVELFOOD,INE103V01028,Leisure Services,Restaurants,1256.10,486.11,392.97,11.04,0.17,0.80,21.61,16544.11,20.58,38.10
Trent,500251,TRENT,INE849A01020,Retailing,Speciality Retail,2824.00,1814.70,2667.62,14.63,0.37,1.06,16.34,150584.80,17.84,20.79
Usha Martin,517146,USHAMART,INE228A01035,Industrial Products,Iron & Steel Products,507.20,507.54,655.34,42.14,0.07,3.28,11.53,15456.50,16.44,40.67
Va Tech Wabag,533269,WABAG,INE956G01038,Other Utilities,Water Supply & Management,2132.60,394.20,206.70,8.36,0.09,1.71,6.56,13326.95,20.82,36.93
Varroc Engineer,541578,VARROC,INE665L01035,Auto Components,Auto Components & Equipments,861.55,200.11,536.80,4.24,0.52,0.86,5.42,13163.31,29.92,27.94
Vijaya Diagnost.,543350,VIJAYA,INE043W01024,Healthcare Services,Healthcare Service Provider,1558.90,187.49,270.59,7.84,0.44,0.76,11.58,16056.31,22.83,37.60
Wheels India,590073,WHEELS,INE715A01015,Auto Components,Auto Components & Equipments,2175.70,166.42,477.35,2.90,0.74,0.87,4.71,5315.89,17.82,28.21
