date,symbol,action,qty,price,value
2020-01-03,BANKBEES,BUY,1080.31,326.61,352941.18
2020-01-10,BANKBEES,SELL,401.61,327.75,131591.41
2020-01-10,BANKBEES,BUY,0.0,327.89,0.0
2020-01-10,MID150BEES,BUY,4313.68,64.45,278112.88
2020-01-17,MID150BEES,SELL,4313.68,66.71,287665.16
2020-01-17,BANKBEES,BUY,361.15,322.97,116676.87
2020-01-24,BANKBEES,SELL,341.8,319.51,109175.64
2020-01-24,MID150BEES,BUY,4123.42,67.6,278841.39
2020-01-31,MID150BEES,SELL,4123.42,66.78,275265.6
2020-01-31,BANKBEES,BUY,89.6,316.96,28408.79
2020-02-07,BANKBEES,SELL,89.96,318.28,28622.74
2020-02-07,MID150BEES,BUY,4078.3,68.05,277626.34
2020-02-14,BANKBEES,BUY,3.32,314.81,1044.03
2020-02-14,MID150BEES,BUY,33.2,67.09,2228.13
2020-02-20,MID150BEES,SELL,4111.5,67.45,277223.1
2020-02-20,BANKBEES,BUY,88.1,315.18,27776.23
2020-02-28,BANKBEES,BUY,36.6,296.78,10865.34
2020-03-06,BANKBEES,BUY,25.99,284.83,7404.43
2020-03-13,BANKBEES,BUY,66.91,257.81,17255.87
2020-03-20,BANKBEES,SELL,290.53,204.21,59310.92
2020-03-20,GOLDBEES,BUY,10652.42,36.12,384851.38
2020-03-27,GOLDBEES,SELL,347.48,38.16,13256.54
2020-03-27,BANKBEES,BUY,23.57,201.24,4745.09
2020-04-03,GOLDBEES,SELL,284.08,38.78,11013.77
2020-04-03,BANKBEES,BUY,89.43,174.86,15642.84
2020-04-09,BANKBEES,SELL,61.52,198.54,12211.03
2020-04-09,GOLDBEES,SELL,95.98,40.78,3913.1
2020-04-17,BANKBEES,SELL,21.19,210.28,4455.19
2020-04-17,GOLDBEES,SELL,143.92,42.46,6109.18
2020-04-24,GOLDBEES,SELL,117.55,42.68,5015.85
2020-04-24,BANKBEES,BUY,40.0,196.94,7879.65
2020-04-30,BANKBEES,SELL,51.99,215.29,11189.09
2020-04-30,GOLDBEES,BUY,145.0,42.58,6175.89
2020-05-08,BANKBEES,BUY,49.19,195.34,9610.71
2020-05-08,GOLDBEES,BUY,9.44,41.52,391.86
2020-05-15,GOLDBEES,SELL,76.41,41.79,3192.31
2020-05-15,BANKBEES,BUY,18.62,190.09,3540.82
2020-05-22,GOLDBEES,SELL,99.7,41.64,4150.37
2020-05-22,BANKBEES,BUY,56.17,173.79,9764.48
2020-05-29,BANKBEES,SELL,72.58,193.64,14051.21
2020-05-29,GOLDBEES,BUY,248.96,41.0,10209.86
2020-06-05,BANKBEES,SELL,50.25,211.92,10646.7
2020-06-05,GOLDBEES,BUY,105.22,41.2,4335.99
2020-06-12,GOLDBEES,SELL,111.4,41.79,4654.07
2020-06-12,BANKBEES,BUY,15.45,207.78,3212.11
2020-06-19,BANKBEES,SELL,19.76,215.03,4246.82
2020-06-19,GOLDBEES,BUY,57.94,41.75,2419.83
2020-06-26,BANKBEES,SELL,0.59,216.78,127.21
2020-06-26,GOLDBEES,SELL,67.8,42.32,2868.42
2020-07-03,BANKBEES,SELL,9.93,220.42,2187.46
2020-07-03,GOLDBEES,BUY,41.1,42.21,1735.39
2020-07-10,GOLDBEES,SELL,9915.78,43.19,428147.34
2020-07-10,BANKBEES,BUY,714.33,226.09,161547.29
2020-07-17,BANKBEES,BUY,22.51,220.74,4969.82
2020-07-24,BANKBEES,SELL,29.3,227.69,6669.79
2020-07-24,GOLDBEES,BUY,8489.23,44.93,381527.14
2020-07-31,BANKBEES,SELL,577.28,217.85,125720.75
2020-07-31,BANKBEES,BUY,0.0,217.93,0.0
2020-07-31,GOLDBEES,BUY,2089.07,47.15,98528.19
2020-08-07,GOLDBEES,SELL,216.02,49.16,10616.41
2020-08-07,BANKBEES,BUY,15.38,218.25,3356.85
2020-08-14,GOLDBEES,SELL,2148.46,46.31,99466.94
2020-08-14,BANKBEES,BUY,618.54,217.89,134815.58
2020-08-21,BANKBEES,SELL,32.97,223.91,7380.36
2020-08-21,GOLDBEES,BUY,136.96,45.73,6264.96
2020-08-28,BANKBEES,SELL,95.4,247.19,23574.39
2020-08-28,GOLDBEES,SELL,8350.79,45.09,376432.25
2020-09-04,BANKBEES,BUY,57.8,231.95,13409.73
2020-09-11,BANKBEES,BUY,21.61,226.62,4898.6
2020-09-18,BANKBEES,BUY,22.09,221.37,4891.43
2020-09-25,BANKBEES,BUY,45.95,211.14,9704.29
2020-10-01,BANKBEES,SELL,55.24,223.67,12351.49
2020-10-09,BANKBEES,SELL,61.82,239.37,14793.51
2020-10-16,BANKBEES,BUY,11.09,236.55,2623.43
2020-10-23,BANKBEES,SELL,36.75,246.44,9054.4
2020-10-30,BANKBEES,BUY,21.37,240.7,5146.27
2020-11-06,BANKBEES,BUY,439.28,268.92,118168.49
2020-11-13,BANKBEES,SELL,58.94,286.37,16873.47
2020-11-20,BANKBEES,SELL,25.91,294.57,7630.12
2020-11-27,BANKBEES,SELL,7.5,297.0,2226.73
2020-12-04,BANKBEES,SELL,515.24,301.86,155484.4
2020-12-11,BANKBEES,SELL,15.44,307.93,4754.44
2020-12-18,BANKBEES,SELL,2.94,309.11,907.75
2020-12-24,BANKBEES,BUY,9.77,305.34,2983.48
2021-01-01,BANKBEES,SELL,20.65,313.59,6472.08
2021-01-08,BANKBEES,SELL,19.28,321.76,6202.73
2021-01-08,JUNIORBEES,BUY,1212.91,357.33,433540.22
2021-01-15,BANKBEES,SELL,9.96,324.25,3230.05
2021-01-15,JUNIORBEES,BUY,10.67,353.83,3776.72
2021-01-22,JUNIORBEES,SELL,2.63,349.33,917.25
2021-01-22,BANKBEES,BUY,18.84,314.14,5919.62
2021-01-29,BANKBEES,SELL,3.12,307.0,956.77
2021-01-29,JUNIORBEES,BUY,28.67,332.86,9544.88
2021-02-05,BANKBEES,SELL,84.66,357.74,30275.62
2021-02-05,JUNIORBEES,BUY,15.84,353.09,5594.61
2021-02-12,BANKBEES,SELL,1.81,363.71,656.3
2021-02-12,JUNIORBEES,SELL,12.89,361.88,4662.53
2021-02-19,JUNIORBEES,SELL,7.61,364.06,2769.05
2021-02-19,BANKBEES,BUY,7.75,361.01,2799.65
2021-02-26,JUNIORBEES,SELL,2.92,360.55,1052.25
2021-02-26,BANKBEES,BUY,15.34,351.33,5389.47
2021-03-05,JUNIORBEES,SELL,14.39,369.2,5311.4
2021-03-05,BANKBEES,BUY,2.73,354.64,969.84
2021-03-12,BANKBEES,SELL,7.85,356.09,2794.59
2021-03-12,JUNIORBEES,BUY,10.86,364.92,3963.5
2021-03-19,BANKBEES,BUY,18.22,342.61,6242.68
2021-03-19,JUNIORBEES,BUY,3.75,356.19,1337.38
2021-03-26,JUNIORBEES,SELL,6.26,355.44,2223.67
2021-03-26,BANKBEES,BUY,13.73,335.84,4611.35
2021-03-26,JUNIORBEES,BUY,0.0,355.58,0.0
2021-04-01,BANKBEES,SELL,3.97,341.45,1355.17
2021-04-01,JUNIORBEES,SELL,9.11,362.83,3305.3
2021-04-09,JUNIORBEES,SELL,1226.89,369.55,453257.58
2021-04-09,BANKBEES,BUY,40.47,326.78,13229.67
2021-04-16,BANKBEES,BUY,9.84,322.45,3175.1
2021-04-23,BANKBEES,BUY,10.21,318.16,3248.14
2021-04-30,BANKBEES,SELL,24.11,328.4,7917.07
2021-05-07,BANKBEES,SELL,3.42,329.91,1129.02
2021-05-14,BANKBEES,BUY,16.11,323.05,5206.59
2021-05-14,JUNIORBEES,BUY,1175.67,374.91,440907.5
2021-05-21,BANKBEES,SELL,40.97,347.24,14220.62
2021-05-21,JUNIORBEES,BUY,4.91,386.6,1899.24
2021-05-28,BANKBEES,SELL,7.65,353.53,2703.84
2021-05-28,JUNIORBEES,SELL,3.08,391.6,1207.51
2021-06-04,BANKBEES,SELL,1043.44,354.64,369933.85
2021-06-04,JUNIORBEES,SELL,1177.49,407.08,479188.78
2021-06-04,GOLDBEES,BUY,11121.13,42.13,468656.18
2021-06-11,GOLDBEES,SELL,2679.69,42.62,114178.1
2021-06-11,BANKBEES,BUY,818.4,351.66,287886.79
2021-06-18,GOLDBEES,SELL,8441.44,40.95,345588.41
2021-06-18,BANKBEES,SELL,1.15,347.01,397.64
2021-06-18,PSUBNKBEES,BUY,10875.04,26.08,283654.03
2021-06-18,JUNIORBEES,BUY,883.28,401.3,354567.53
2021-06-25,BANKBEES,SELL,2.34,354.92,830.24
2021-06-25,PSUBNKBEES,SELL,355.48,27.49,9770.76
2021-06-25,JUNIORBEES,BUY,11.87,404.04,4799.39
2021-07-02,PSUBNKBEES,SELL,82.91,27.66,2292.9
2021-07-02,JUNIORBEES,SELL,0.83,403.55,334.19
2021-07-02,BANKBEES,BUY,8.92,350.6,3128.81
2021-07-09,BANKBEES,SELL,7.46,353.43,2635.31
2021-07-09,JUNIORBEES,SELL,10.25,407.96,4181.13
2021-07-09,PSUBNKBEES,BUY,259.69,26.99,7009.91
2021-07-16,BANKBEES,SELL,10.59,359.99,3812.78
2021-07-16,PSUBNKBEES,BUY,69.17,26.96,1865.15
2021-07-16,JUNIORBEES,BUY,0.99,409.84,405.35
2021-07-23,JUNIORBEES,SELL,8.65,409.93,3543.33
2021-07-23,PSUBNKBEES,BUY,98.85,26.47,2616.82
2021-07-23,BANKBEES,BUY,10.17,352.38,3585.61
2021-07-30,PSUBNKBEES,SELL,49.09,26.6,1305.76
2021-07-30,JUNIORBEES,SELL,6.34,413.38,2619.88
2021-07-30,PSUBNKBEES,BUY,0.0,26.62,0.0
2021-07-30,BANKBEES,BUY,10.34,348.36,3603.89
2021-08-06,BANKBEES,SELL,20.18,361.18,7285.51
2021-08-06,PSUBNKBEES,BUY,107.87,26.67,2877.14
2021-08-06,JUNIORBEES,BUY,2.38,417.31,992.16
2021-08-13,BANKBEES,SELL,10.79,363.71,3923.33
2021-08-13,PSUBNKBEES,BUY,191.88,26.04,4997.2
2021-08-13,JUNIORBEES,BUY,1.96,413.68,810.26
2021-08-20,JUNIORBEES,SELL,16.84,412.95,6952.01
2021-08-20,BANKBEES,BUY,7.5,353.02,2650.0
2021-08-20,PSUBNKBEES,BUY,417.66,24.57,10266.98
2021-08-27,BANKBEES,SELL,4.96,359.9,1786.35
2021-08-27,PSUBNKBEES,SELL,11532.67,24.83,286213.12
2021-08-27,JUNIORBEES,SELL,6.91,421.96,2916.11
2021-09-03,BANKBEES,SELL,5.45,370.88,2020.89
2021-09-03,JUNIORBEES,SELL,26.04,445.49,11595.3
2021-09-09,JUNIORBEES,SELL,3.63,447.48,1623.36
2021-09-09,BANKBEES,BUY,4.31,369.03,1590.41
2021-09-17,BANKBEES,SELL,14.39,379.49,5460.51
2021-09-17,JUNIORBEES,SELL,1.14,452.66,515.89
2021-09-24,BANKBEES,SELL,2.24,380.46,852.59
2021-09-24,ITBEES,BUY,7847.37,37.82,296857.62
2021-09-24,JUNIORBEES,BUY,2.3,451.43,1038.32
2021-10-01,BANKBEES,SELL,7.43,375.18,2785.49
2021-10-01,JUNIORBEES,SELL,5.02,443.46,2226.01
2021-10-01,ITBEES,BUY,336.25,35.44,11919.37
2021-10-08,JUNIORBEES,SELL,1.14,452.99,514.02
2021-10-08,ITBEES,SELL,196.31,37.02,7265.79
2021-10-08,BANKBEES,BUY,5.16,380.33,1962.79
2021-10-14,BANKBEES,SELL,20.24,395.91,8009.47
2021-10-14,JUNIORBEES,SELL,12.76,466.77,5955.79
2021-10-14,ITBEES,BUY,267.88,36.35,9739.79
2021-10-22,BANKBEES,SELL,26.2,406.06,10634.65
2021-10-22,ITBEES,SELL,24.43,36.08,881.29
2021-10-22,PSUBNKBEES,BUY,9617.75,30.88,297048.4
2021-10-22,JUNIORBEES,BUY,32.21,444.35,14314.75
2021-10-29,JUNIORBEES,SELL,5.47,440.66,2411.23
2021-10-29,PSUBNKBEES,SELL,131.64,30.84,4059.0
2021-10-29,BANKBEES,BUY,10.19,394.7,4023.79
2021-10-29,ITBEES,BUY,72.75,35.25,2565.11
2021-10-29,JUNIORBEES,BUY,0.0,440.84,0.0
2021-11-04,PSUBNKBEES,SELL,183.97,32.27,5935.57
2021-11-04,BANKBEES,BUY,13.45,397.77,5351.92
2021-11-04,ITBEES,BUY,14.29,36.11,516.01
2021-11-04,JUNIORBEES,BUY,0.2,452.21,92.6
2021-11-12,JUNIORBEES,SELL,16.59,463.54,7689.33
2021-11-12,ITBEES,SELL,173.15,37.04,6411.93
2021-11-12,PSUBNKBEES,BUY,216.98,31.71,6881.76
2021-11-12,BANKBEES,BUY,18.32,390.17,7148.23
2021-11-18,JUNIORBEES,SELL,3.07,457.58,1405.16
2021-11-18,ITBEES,SELL,93.77,36.85,3454.63
2021-11-18,PSUBNKBEES,BUY,137.68,30.74,4233.17
2021-11-18,BANKBEES,BUY,1.81,382.9,691.84
2021-11-18,JUNIORBEES,BUY,0.0,457.76,0.0
2021-11-26,JUNIORBEES,SELL,15.49,445.92,6903.19
2021-11-26,ITBEES,SELL,46.65,35.43,1652.62
2021-11-26,PSUBNKBEES,BUY,227.05,28.71,6519.7
2021-11-26,BANKBEES,BUY,5.56,363.38,2022.67
2021-12-03,JUNIORBEES,SELL,795.02,444.51,353289.91
2021-12-03,ITBEES,SELL,210.82,36.75,7745.81
2021-12-03,PSUBNKBEES,BUY,60.09,28.82,1731.96
2021-12-03,BANKBEES,BUY,3.82,365.23,1397.29
2021-12-03,GOLDBEES,BUY,8655.19,40.93,354347.63
2021-12-10,BANKBEES,SELL,3.09,374.34,1157.4
2021-12-10,PSUBNKBEES,SELL,357.3,30.51,10899.45
2021-12-10,GOLDBEES,SELL,8655.19,41.26,357021.25
2021-12-10,ITBEES,BUY,194.05,36.64,7111.51
2021-12-10,PSUBNKBEES,BUY,0.0,30.53,0.0
2021-12-10,JUNIORBEES,BUY,802.3,450.93,361890.4
2021-12-17,BANKBEES,SELL,781.45,358.6,280144.17
2021-12-17,ITBEES,SELL,3404.18,37.46,127490.75
2021-12-17,PSUBNKBEES,SELL,9586.64,28.16,269920.75
2021-12-17,JUNIORBEES,SELL,802.3,434.74,348690.23
2021-12-17,ITBEES,BUY,0.0,37.48,0.0
2021-12-17,GOLDBEES,BUY,12219.98,42.15,515207.33
2021-12-17,MAFANG,BUY,3111.29,55.18,171735.78
2021-12-24,ITBEES,SELL,135.02,38.69,5222.5
2021-12-24,MAFANG,SELL,50.88,56.24,2860.59
2021-12-24,ITBEES,BUY,0.0,38.71,0.0
2021-12-24,PSUBNKBEES,BUY,6304.95,27.3,172148.11
2021-12-24,GOLDBEES,BUY,161.73,41.72,6749.14
2021-12-24,MAFANG,BUY,0.0,56.26,0.0
2021-12-31,ITBEES,SELL,94.57,39.64,3747.88
2021-12-31,PSUBNKBEES,SELL,52.71,27.6,1454.69
2021-12-31,ITBEES,BUY,0.0,39.66,0.0
2021-12-31,GOLDBEES,BUY,103.12,41.49,4279.5
2021-12-31,MAFANG,BUY,7.91,56.27,445.51
2022-01-07,GOLDBEES,SELL,7970.38,41.08,327339.06
2022-01-07,PSUBNKBEES,SELL,6252.24,29.28,183036.43
2022-01-07,MAFANG,BUY,5450.57,54.43,296768.38
2022-01-07,ITBEES,BUY,2770.34,39.06,108236.01
2022-01-07,BANKBEES,BUY,723.29,380.39,275212.79
2022-01-07,GOLDBEES,BUY,0.0,41.1,0.0
2022-01-14,GOLDBEES,SELL,4514.45,41.52,187391.28
2022-01-14,MAFANG,SELL,8518.9,53.78,458002.34
2022-01-14,BANKBEES,SELL,723.29,386.73,279636.73
2022-01-14,PSUBNKBEES,BUY,19954.18,30.34,605513.12
2022-01-14,ITBEES,BUY,8035.14,39.7,319074.19
2022-01-21,ITBEES,SELL,5523.89,36.7,202680.75
2022-01-21,PSUBNKBEES,SELL,7988.3,29.55,236016.18
2022-01-21,GOLDBEES,BUY,10451.29,41.85,437500.7
2022-01-28,ITBEES,SELL,9635.29,34.71,334370.01
2022-01-28,PSUBNKBEES,SELL,11965.88,31.51,376976.05
2022-01-28,BANKBEES,BUY,503.95,379.93,191519.67
2022-01-28,GOLDBEES,BUY,3415.19,41.44,141562.05
2022-01-28,MAFANG,BUY,3996.32,47.91,191519.67
2022-02-04,BANKBEES,SELL,7.21,390.76,2816.25
2022-02-04,MAFANG,SELL,114.98,50.01,5748.62
2022-02-04,GOLDBEES,BUY,134.27,41.61,5588.38
2022-02-04,SILVERBEES,BUY,3151.31,60.97,192198.95
2022-02-11,GOLDBEES,SELL,36.79,42.18,1551.46
2022-02-11,MAFANG,SELL,0.32,50.59,16.02
2022-02-11,SILVERBEES,SELL,3151.31,62.35,196417.73
2022-02-11,BANKBEES,BUY,9.39,388.08,3645.87
2022-02-11,PSUBNKBEES,BUY,6014.89,32.3,194317.94
2022-02-18,PSUBNKBEES,SELL,6014.89,30.83,185406.46
2022-02-18,BANKBEES,BUY,115.0,378.96,43594.39
2022-02-18,GOLDBEES,BUY,2386.62,43.19,103105.68
2022-02-18,MAFANG,BUY,802.6,50.15,40262.51
2022-02-25,GOLDBEES,SELL,3041.56,43.61,132606.72
2022-02-25,BANKBEES,SELL,94.78,367.58,34828.92
2022-02-25,MAFANG,SELL,546.96,46.77,25574.13
2022-02-25,ITBEES,BUY,5591.19,34.24,191482.29
2022-02-25,BANKBEES,BUY,0.0,367.72,0.0
2022-03-04,GOLDBEES,SELL,205.85,44.64,9186.45
2022-03-04,BANKBEES,SELL,526.35,346.67,182415.75
2022-03-04,MAFANG,SELL,16.26,47.32,769.03
2022-03-04,ITBEES,SELL,17.64,34.98,616.83
2022-03-04,PSUBNKBEES,BUY,6851.74,28.16,192973.0
2022-03-11,GOLDBEES,SELL,41.79,45.27,1891.13
2022-03-11,ITBEES,SELL,112.62,36.09,4063.64
2022-03-11,PSUBNKBEES,SELL,35.02,28.91,1012.16
2022-03-11,MAFANG,BUY,193.14,45.69,8826.99
2022-03-17,MAFANG,SELL,80.35,46.5,3735.06
2022-03-17,ITBEES,SELL,71.23,36.52,2600.65
2022-03-17,PSUBNKBEES,SELL,218.67,29.83,6521.88
2022-03-17,GOLDBEES,BUY,289.64,44.24,12817.28
2022-03-25,MAFANG,SELL,255.97,50.51,12925.12
2022-03-25,ITBEES,BUY,48.15,36.96,1779.86
2022-03-25,PSUBNKBEES,BUY,219.94,29.48,6484.83
2022-03-25,GOLDBEES,BUY,105.82,44.8,4741.99
2022-04-01,MAFANG,SELL,3977.23,50.79,201942.12
2022-04-01,ITBEES,SELL,5437.85,37.2,202241.29
2022-04-01,PSUBNKBEES,BUY,1074.36,30.77,33063.76
2022-04-01,GOLDBEES,BUY,2883.56,44.58,128584.47
2022-04-08,GOLDBEES,SELL,5790.78,44.65,258486.91
2022-04-08,PSUBNKBEES,BUY,3880.68,32.02,124282.57
2022-04-08,ITBEES,BUY,10265.23,36.33,373019.54
2022-04-08,GOLDBEES,BUY,0.0,44.67,0.0
2022-04-13,PSUBNKBEES,SELL,4062.45,31.6,128349.85
2022-04-13,ITBEES,SELL,10265.23,35.09,360129.35
2022-04-13,PSUBNKBEES,BUY,0.0,31.62,0.0
2022-04-13,GOLDBEES,BUY,5437.04,45.74,248760.06
2022-04-22,GOLDBEES,SELL,73.28,45.32,3320.28
2022-04-22,PSUBNKBEES,BUY,209.31,30.37,6357.91
2022-04-29,PSUBNKBEES,BUY,4.02,30.08,120.98
2022-04-29,GOLDBEES,BUY,45.89,44.8,2056.33
2022-05-06,GOLDBEES,SELL,108.6,44.54,4835.93
2022-05-06,PSUBNKBEES,BUY,268.86,28.74,7728.23
2022-05-13,GOLDBEES,SELL,8568.12,43.41,371841.66
2022-05-13,PSUBNKBEES,SELL,8192.77,26.2,214625.19
2022-05-13,GOLDBEES,BUY,0.0,43.43,0.0
2022-05-20,GOLDBEES,SELL,61.73,43.91,2709.93
2022-05-20,GOLDBEES,BUY,0.0,43.93,0.0
2022-05-27,BANKBEES,BUY,636.22,359.15,228569.91
2022-05-27,GOLDBEES,BUY,8331.06,44.09,367416.73
2022-05-27,MAFANG,BUY,5779.3,39.54,228569.91
2022-06-03,GOLDBEES,SELL,8275.64,44.14,365186.64
2022-06-03,BANKBEES,SELL,636.22,355.94,226389.22
2022-06-03,MAFANG,SELL,5779.3,42.1,243244.58
2022-06-10,GOLDBEES,SELL,693.3,43.8,30358.31
2022-06-10,SILVERBEES,BUY,1903.61,60.58,115359.19
2022-06-17,GOLDBEES,SELL,22.56,44.07,993.83
2022-06-17,SILVERBEES,SELL,17.23,61.31,1056.28
2022-06-24,GOLDBEES,BUY,25.82,43.67,1127.8
2022-06-24,SILVERBEES,BUY,52.27,59.34,3102.85
2022-07-01,BANKBEES,BUY,565.66,339.38,192030.92
2022-07-01,GOLDBEES,BUY,6397.38,44.37,283929.53
2022-07-01,SILVERBEES,BUY,1373.26,57.98,79647.65
2022-07-01,MAFANG,BUY,4846.1,39.22,190110.62
2022-07-08,GOLDBEES,SELL,6342.35,43.56,276198.02
2022-07-08,SILVERBEES,SELL,1270.22,56.68,71972.81
2022-07-08,BANKBEES,SELL,565.66,354.58,200511.89
2022-07-08,MAFANG,SELL,4846.1,41.56,201351.66
2022-07-15,GOLDBEES,BUY,27.16,43.12,1171.48
2022-07-15,SILVERBEES,BUY,61.24,54.69,3350.39
2022-07-22,GOLDBEES,SELL,60.5,43.68,2641.78
2022-07-22,SILVERBEES,SELL,9.77,55.16,538.9
2022-07-29,GOLDBEES,SELL,6607.88,44.05,290997.5
2022-07-29,SILVERBEES,SELL,2093.15,57.39,120086.92
2022-07-29,BANKBEES,BUY,3040.7,378.12,1150080.95
2022-08-05,BANKBEES,SELL,1505.17,382.66,575802.13
2022-08-12,BANKBEES,SELL,605.36,394.82,238937.07
2022-08-12,JUNIORBEES,BUY,1026.72,447.07,459153.16
2022-08-19,JUNIORBEES,SELL,11.27,454.53,5122.85
2022-08-19,BANKBEES,BUY,7.65,393.88,3014.54
2022-08-26,JUNIORBEES,SELL,1015.45,454.68,461563.79
2022-08-26,BANKBEES,BUY,76.37,394.93,30170.59
2022-09-02,BANKBEES,SELL,6.81,398.69,2715.95
2022-09-02,PSUBNKBEES,BUY,12050.12,33.33,401710.91
2022-09-09,BANKBEES,SELL,80.09,408.74,32727.8
2022-09-09,PSUBNKBEES,SELL,1134.75,34.72,39390.18
2022-09-09,PSUBNKBEES,BUY,0.0,34.74,0.0
2022-09-09,JUNIORBEES,BUY,1003.58,467.27,469089.26
2022-09-16,BANKBEES,SELL,4.08,412.25,1682.5
2022-09-16,PSUBNKBEES,SELL,17.51,34.92,611.38
2022-09-16,JUNIORBEES,BUY,14.9,467.21,6961.83
2022-09-23,JUNIORBEES,SELL,7.38,459.86,3394.38
2022-09-23,BANKBEES,BUY,3.23,401.67,1296.32
2022-09-23,PSUBNKBEES,BUY,63.22,33.95,2146.7
2022-09-23,JUNIORBEES,BUY,0.0,460.04,0.0
2022-09-30,BANKBEES,SELL,926.42,390.97,362097.17
2022-09-30,PSUBNKBEES,SELL,28.14,33.16,933.01
2022-09-30,JUNIORBEES,BUY,1.31,447.84,587.95
2022-10-07,PSUBNKBEES,SELL,10932.94,33.69,368255.79
2022-10-07,JUNIORBEES,SELL,1012.41,451.47,456935.3
2022-10-14,BANKBEES,BUY,918.04,397.94,365432.31
2022-10-14,JUNIORBEES,BUY,1044.43,437.23,456790.39
2022-10-21,BANKBEES,BUY,382.18,412.2,157583.11
2022-10-21,JUNIORBEES,BUY,464.89,442.49,205770.71
2022-10-28,BANKBEES,SELL,397.47,414.1,164540.38
2022-10-28,JUNIORBEES,SELL,463.6,446.85,207096.16
2022-10-28,BANKBEES,BUY,0.0,414.26,0.0
2022-11-04,BANKBEES,SELL,902.75,416.92,376258.48
2022-11-04,PSUBNKBEES,BUY,13913.95,39.13,544585.8
2022-11-04,JUNIORBEES,BUY,447.27,454.47,203333.83
2022-11-11,JUNIORBEES,SELL,428.05,457.37,195718.37
2022-11-11,PSUBNKBEES,SELL,4590.11,41.79,191770.48
2022-11-11,PSUBNKBEES,BUY,0.0,41.81,0.0
2022-11-11,BANKBEES,BUY,904.97,426.02,385647.29
2022-11-18,PSUBNKBEES,SELL,157.1,42.65,6698.65
2022-11-18,PSUBNKBEES,BUY,0.0,42.67,0.0
2022-11-18,BANKBEES,BUY,5.62,429.54,2413.03
2022-11-18,JUNIORBEES,BUY,17.94,451.41,8099.24
2022-11-25,PSUBNKBEES,SELL,258.69,44.85,11598.98
2022-11-25,PSUBNKBEES,BUY,0.0,44.87,0.0
2022-11-25,BANKBEES,BUY,7.73,435.25,3363.8
2022-11-25,JUNIORBEES,BUY,18.14,453.69,8233.82
2022-12-02,JUNIORBEES,SELL,1101.03,463.9,510610.03
2022-12-02,PSUBNKBEES,SELL,4090.13,45.54,186212.35
2022-12-02,BANKBEES,SELL,414.52,435.52,180480.22
2022-12-02,GOLDBEES,BUY,14342.62,45.89,658368.44
2022-12-02,MAFANG,BUY,5434.27,39.89,216827.16
2022-12-09,PSUBNKBEES,SELL,177.61,47.76,8479.96
2022-12-09,BANKBEES,SELL,1.12,440.89,493.54
2022-12-09,GOLDBEES,BUY,79.45,46.12,3665.07
2022-12-09,MAFANG,BUY,188.27,39.42,7423.61
2022-12-16,PSUBNKBEES,SELL,42.74,47.91,2047.12
2022-12-16,GOLDBEES,SELL,84.82,46.09,3908.29
2022-12-16,BANKBEES,BUY,1.66,436.94,723.92
2022-12-16,MAFANG,BUY,137.31,38.25,5253.4
2022-12-23,GOLDBEES,SELL,474.45,46.68,22140.82
2022-12-23,BANKBEES,BUY,7.68,421.46,3238.0
2022-12-23,PSUBNKBEES,BUY,390.7,43.26,16906.34
2022-12-23,MAFANG,BUY,54.66,37.11,2029.05
2022-12-30,GOLDBEES,SELL,13862.8,46.78,648315.98
2022-12-30,MAFANG,SELL,5814.52,37.79,219679.02
2022-12-30,PSUBNKBEES,BUY,3568.87,47.82,170713.08
2022-12-30,BANKBEES,BUY,427.44,435.57,186233.48
2022-12-30,JUNIORBEES,BUY,1130.75,447.32,505958.25
2023-01-06,PSUBNKBEES,SELL,3944.69,47.43,187042.41
2023-01-06,BANKBEES,SELL,427.49,427.32,182621.7
2023-01-06,JUNIORBEES,SELL,1130.75,442.36,500050.22
2023-01-06,PSUBNKBEES,BUY,0.0,47.45,0.0
2023-01-06,GOLDBEES,BUY,13812.99,47.51,656445.03
2023-01-06,MAFANG,BUY,5928.34,36.46,216196.19
2023-01-13,MAFANG,SELL,105.8,38.15,4035.14
2023-01-13,PSUBNKBEES,BUY,72.06,47.44,3419.52
2023-01-13,BANKBEES,BUY,5.67,429.33,2436.53
2023-01-13,GOLDBEES,BUY,7.45,48.24,359.25
2023-01-20,GOLDBEES,SELL,79.23,48.75,3861.22
2023-01-20,PSUBNKBEES,BUY,70.4,46.98,3308.53
2023-01-20,BANKBEES,BUY,1.05,430.68,454.36
2023-01-20,MAFANG,BUY,2.63,38.35,100.93
2023-01-27,BANKBEES,SELL,518.68,409.26,212211.95
2023-01-27,GOLDBEES,SELL,131.76,48.77,6423.89
2023-01-27,MAFANG,SELL,533.7,41.81,22308.22
2023-01-27,PSUBNKBEES,BUY,466.4,42.39,19775.99
2023-02-03,PSUBNKBEES,SELL,5221.32,43.15,225239.68
2023-02-03,MAFANG,SELL,437.74,46.95,20546.17
2023-02-03,ITBEES,BUY,7157.32,31.84,227931.35
2023-02-03,GOLDBEES,BUY,226.82,49.43,11215.19
2023-02-10,ITBEES,SELL,134.55,32.2,4331.67
2023-02-10,GOLDBEES,BUY,109.63,48.67,5337.13
2023-02-10,MAFANG,BUY,12.94,46.49,601.78
2023-02-17,ITBEES,SELL,102.6,32.41,3324.55
2023-02-17,ITBEES,BUY,0.0,32.43,0.0
2023-02-17,PSUBNKBEES,BUY,5317.52,42.18,224351.91
2023-02-17,GOLDBEES,BUY,90.67,47.96,4349.94
2023-02-17,MAFANG,BUY,17.75,45.94,815.63
2023-02-24,GOLDBEES,SELL,191.83,47.77,9161.08
2023-02-24,ITBEES,BUY,22.53,31.77,715.94
2023-02-24,PSUBNKBEES,BUY,181.16,40.11,7268.06
2023-02-24,MAFANG,BUY,26.12,44.91,1173.47
2023-03-03,ITBEES,SELL,6942.7,31.13,216087.62
2023-03-03,PSUBNKBEES,BUY,598.91,43.87,26281.41
2023-03-03,GOLDBEES,BUY,2932.55,47.83,140304.62
2023-03-03,MAFANG,BUY,1104.46,44.37,49018.31
2023-03-10,GOLDBEES,SELL,12497.39,47.42,592454.88
2023-03-10,MAFANG,BUY,5616.5,43.63,245114.43
2023-03-10,PSUBNKBEES,BUY,1019.56,42.79,43638.56
2023-03-17,MAFANG,SELL,6838.66,47.15,322349.75
2023-03-17,PSUBNKBEES,SELL,1579.89,40.81,64458.73
2023-03-17,GOLDBEES,BUY,9345.44,49.76,465168.0
2023-03-17,MAFANG,BUY,0.0,47.17,0.0
2023-03-24,GOLDBEES,SELL,166.63,50.89,8477.31
2023-03-24,MAFANG,SELL,77.81,48.42,3766.69
2023-03-24,PSUBNKBEES,BUY,246.54,39.49,9738.29
2023-03-31,MAFANG,SELL,46.11,49.49,2281.26
2023-03-31,PSUBNKBEES,SELL,157.9,41.07,6483.29
2023-03-31,GOLDBEES,BUY,117.43,51.08,6000.12
2023-04-06,GOLDBEES,SELL,111.94,51.8,5796.86
2023-04-06,PSUBNKBEES,SELL,5625.9,41.4,232852.1
2023-04-06,BANKBEES,BUY,560.28,414.89,232526.56
2023-04-06,MAFANG,BUY,98.84,48.78,4822.85
2023-04-13,BANKBEES,BUY,98.96,425.49,42120.09
2023-04-13,GOLDBEES,BUY,2733.74,51.95,142061.38
2023-04-13,MAFANG,BUY,989.56,48.72,48225.71
2023-04-21,MAFANG,SELL,8.59,48.34,414.88
2023-04-21,BANKBEES,SELL,6.22,425.55,2647.69
2023-04-21,GOLDBEES,BUY,59.08,51.3,3031.95
2023-04-28,GOLDBEES,SELL,16257.01,51.24,832755.35
2023-04-28,MAFANG,SELL,5748.75,49.13,282352.24
2023-04-28,BANKBEES,SELL,653.02,436.51,284966.52
2023-04-28,PSUBNKBEES,BUY,9357.11,46.05,431016.93
2023-04-28,JUNIORBEES,BUY,1287.08,418.47,538771.17
2023-05-05,JUNIORBEES,SELL,10.45,423.48,4423.11
2023-05-05,PSUBNKBEES,BUY,46.88,46.01,2157.39
2023-05-12,PSUBNKBEES,SELL,9403.99,44.0,413662.62
2023-05-12,JUNIORBEES,SELL,323.67,431.02,139469.76
2023-05-12,BANKBEES,BUY,742.22,442.68,328663.8
2023-05-19,BANKBEES,SELL,4.84,445.48,2156.7
2023-05-19,JUNIORBEES,BUY,4.9,428.85,2101.61
2023-05-26,JUNIORBEES,SELL,17.93,440.54,7895.55
2023-05-26,BANKBEES,SELL,737.38,446.06,328816.75
2023-05-26,ITBEES,BUY,10829.41,30.59,331328.91
2023-06-02,JUNIORBEES,SELL,9.98,447.9,4469.6
2023-06-02,ITBEES,BUY,12.67,30.75,389.76
2023-06-09,JUNIORBEES,SELL,12.99,451.99,5871.44
2023-06-09,ITBEES,SELL,10842.08,29.73,322282.26
2023-06-09,BANKBEES,BUY,740.29,447.84,331629.03
2023-06-09,PSUBNKBEES,BUY,7374.04,44.96,331629.03
2023-06-16,JUNIORBEES,SELL,16.99,463.45,7872.51
2023-06-16,BANKBEES,SELL,740.29,446.82,330676.01
2023-06-16,PSUBNKBEES,BUY,60.42,44.9,2713.72
2023-06-23,PSUBNKBEES,SELL,0.68,44.49,30.19
2023-06-23,PHARMABEES,BUY,24804.06,13.33,330803.51
2023-06-23,JUNIORBEES,BUY,12.62,453.2,5722.87
2023-06-30,JUNIORBEES,SELL,0.7,464.17,323.0
2023-06-30,PSUBNKBEES,SELL,21.16,45.68,966.25
2023-06-30,PHARMABEES,SELL,473.39,13.92,6586.28
2023-07-07,PSUBNKBEES,SELL,430.85,49.56,21346.62
2023-07-07,PHARMABEES,BUY,478.17,13.95,6673.8
2023-07-07,JUNIORBEES,BUY,15.59,466.52,7275.85
2023-07-14,JUNIORBEES,SELL,5.18,469.26,2428.42
2023-07-14,PHARMABEES,SELL,265.49,14.11,3744.21
2023-07-14,PSUBNKBEES,BUY,121.89,48.76,5945.05
2023-07-14,ITBEES,BUY,10569.68,32.43,342840.55
2023-07-21,PSUBNKBEES,SELL,230.26,50.74,11679.81
2023-07-21,PHARMABEES,SELL,436.55,14.47,6313.76
2023-07-21,ITBEES,SELL,10569.68,31.42,332039.11
2023-07-21,BANKBEES,BUY,743.88,468.78,348825.38
2023-07-21,JUNIORBEES,BUY,9.88,467.6,4623.63
2023-07-28,JUNIORBEES,SELL,3.9,477.73,1862.34
2023-07-28,PHARMABEES,SELL,761.3,15.2,11565.92
2023-07-28,PSUBNKBEES,BUY,59.97,51.19,3070.67
2023-07-28,BANKBEES,BUY,22.23,463.12,10300.25
2023-08-04,JUNIORBEES,SELL,179.6,475.04,85291.92
2023-08-04,PSUBNKBEES,SELL,1151.45,49.21,56646.04
2023-08-04,PHARMABEES,SELL,4973.24,15.49,76997.0
2023-08-04,BANKBEES,SELL,143.23,456.79,65405.07
2023-08-04,ITBEES,BUY,8806.6,31.97,281599.64
2023-08-04,JUNIORBEES,BUY,0.0,475.24,0.0
2023-08-11,BANKBEES,SELL,622.89,451.32,281038.52
2023-08-11,PHARMABEES,BUY,4288.71,15.61,66980.19
2023-08-11,PSUBNKBEES,BUY,1207.62,50.62,61147.99
2023-08-11,ITBEES,BUY,2104.48,32.43,68261.27
2023-08-11,JUNIORBEES,BUY,182.8,473.69,86618.56
2023-08-18,PSUBNKBEES,SELL,121.48,51.18,6215.53
2023-08-18,PHARMABEES,BUY,6.72,15.51,104.28
2023-08-18,ITBEES,BUY,0.65,32.23,21.02
2023-08-18,JUNIORBEES,BUY,14.84,464.4,6895.52
2023-08-25,JUNIORBEES,SELL,187.8,466.97,87671.29
2023-08-25,PSUBNKBEES,SELL,1247.9,50.42,62899.97
2023-08-25,PHARMABEES,SELL,4094.64,15.26,62452.93
2023-08-25,ITBEES,SELL,2166.75,32.4,70189.24
2023-08-25,ITBEES,BUY,0.0,32.42,0.0
2023-08-25,BANKBEES,BUY,622.04,450.72,280450.24
2023-09-01,JUNIORBEES,SELL,7.41,475.92,3525.32
2023-09-01,PSUBNKBEES,SELL,5620.16,50.47,283563.9
2023-09-01,ITBEES,SELL,95.44,33.06,3154.61
2023-09-01,BANKBEES,SELL,622.04,452.71,281519.05
2023-09-01,PHARMABEES,BUY,183.6,15.25,2801.23
2023-09-08,JUNIORBEES,SELL,10.26,489.98,5025.68
2023-09-08,ITBEES,SELL,123.96,34.06,4221.34
2023-09-08,PHARMABEES,BUY,7.33,15.48,113.47
2023-09-15,PHARMABEES,SELL,18763.97,15.81,296510.08
2023-09-15,ITBEES,BUY,1798.31,35.08,63098.3
2023-09-15,PSUBNKBEES,BUY,6449.99,56.12,362090.2
2023-09-15,JUNIORBEES,BUY,184.57,489.13,90307.74
2023-09-22,PSUBNKBEES,SELL,208.4,57.94,12070.56
2023-09-22,ITBEES,BUY,132.84,34.6,4597.39
2023-09-22,JUNIORBEES,BUY,16.07,480.31,7720.51
2023-09-29,JUNIORBEES,SELL,3.33,478.83,1595.07
2023-09-29,PSUBNKBEES,SELL,92.83,58.45,5424.38
2023-09-29,ITBEES,BUY,276.39,33.5,9260.8
2023-09-29,PHARMABEES,BUY,22712.69,15.66,355858.65
2023-10-06,ITBEES,SELL,204.54,34.0,6952.92
2023-10-06,PHARMABEES,SELL,22712.69,15.39,349373.59
2023-10-06,PSUBNKBEES,BUY,15.4,58.1,895.19
2023-10-06,BANKBEES,BUY,790.64,452.76,358076.85
2023-10-06,JUNIORBEES,BUY,1.97,475.99,939.51
2023-10-13,ITBEES,SELL,10528.58,33.45,352110.02
2023-10-13,BANKBEES,SELL,790.64,452.17,357394.92
2023-10-13,PSUBNKBEES,BUY,2094.56,56.14,117626.64
2023-10-13,JUNIORBEES,BUY,268.05,479.71,128621.4
2023-10-20,PSUBNKBEES,BUY,77.28,54.98,4250.42
2023-10-20,JUNIORBEES,BUY,1.65,473.53,783.2
2023-10-27,JUNIORBEES,SELL,1209.85,465.67,563217.24
2023-10-27,PSUBNKBEES,SELL,4475.77,54.67,244613.0
2023-10-27,GOLDBEES,BUY,12256.33,51.65,633233.54
2023-10-27,SILVERBEES,BUY,3006.59,70.18,211077.85
2023-10-27,MAFANG,BUY,3562.52,59.23,211077.85
2023-11-03,PSUBNKBEES,SELL,53.57,56.03,3000.37
2023-11-03,MAFANG,SELL,131.19,62.16,8151.77
2023-11-03,GOLDBEES,BUY,98.4,51.81,5099.71
2023-11-03,SILVERBEES,BUY,48.76,69.83,3405.88
2023-11-10,GOLDBEES,SELL,12354.73,51.3,633604.45
2023-11-10,SILVERBEES,SELL,3055.35,69.68,212820.56
2023-11-10,MAFANG,SELL,3431.33,64.0,219529.76
2023-11-10,PHARMABEES,BUY,22282.17,15.75,351119.68
2023-11-10,PSUBNKBEES,BUY,2483.43,55.82,138669.31
2023-11-10,JUNIORBEES,BUY,903.77,485.49,438899.6
2023-11-17,PHARMABEES,SELL,117.81,16.06,1891.12
2023-11-17,JUNIORBEES,SELL,10.65,498.1,5305.38
2023-11-17,ITBEES,BUY,10473.41,33.98,355959.55
2023-11-17,PSUBNKBEES,BUY,32.05,56.31,1805.22
2023-11-24,PSUBNKBEES,SELL,1134.47,55.33,62750.35
2023-11-24,PHARMABEES,SELL,4453.94,16.21,72162.27
2023-11-24,JUNIORBEES,SELL,169.44,495.78,83978.12
2023-11-24,ITBEES,SELL,2007.29,33.9,68033.33
2023-12-01,ITBEES,SELL,8466.11,34.41,291257.84
2023-12-01,PHARMABEES,BUY,4222.09,16.52,69783.87
2023-12-01,PSUBNKBEES,BUY,1162.25,57.07,66351.32
2023-12-01,JUNIORBEES,BUY,154.8,515.66,79850.69
2023-12-08,PSUBNKBEES,SELL,1400.7,60.86,85217.95
2023-12-08,PHARMABEES,SELL,3596.57,16.43,59062.18
2023-12-08,JUNIORBEES,SELL,178.39,537.78,95904.3
2023-12-08,BANKBEES,BUY,625.38,481.58,301259.41
2023-12-08,PHARMABEES,BUY,0.0,16.43,0.0
2023-12-15,PHARMABEES,SELL,18335.93,16.37,300009.21
2023-12-15,PSUBNKBEES,BUY,961.33,64.15,61690.38
2023-12-15,ITBEES,BUY,10001.17,37.9,379133.76
2023-12-15,BANKBEES,BUY,148.48,489.98,72771.75
2023-12-15,JUNIORBEES,BUY,157.04,551.77,86677.07
2023-12-22,JUNIORBEES,SELL,9.31,552.34,5143.02
2023-12-22,ITBEES,SELL,62.07,37.69,2338.96
2023-12-22,PSUBNKBEES,BUY,127.15,62.07,7894.91
2023-12-22,BANKBEES,BUY,0.95,483.7,457.97
2023-12-29,PSUBNKBEES,SELL,41.4,63.44,2625.33
2023-12-29,JUNIORBEES,SELL,9.59,567.25,5436.03
2023-12-29,BANKBEES,SELL,2.18,492.33,1070.56
2023-12-29,ITBEES,BUY,241.99,37.37,9045.18
2024-01-05,PSUBNKBEES,SELL,92.11,64.79,5965.62
2024-01-05,JUNIORBEES,SELL,8.43,576.21,4858.55
2024-01-05,BANKBEES,SELL,772.63,490.55,378900.91
2024-01-05,PHARMABEES,BUY,21678.06,17.64,382592.14
2024-01-05,ITBEES,BUY,193.99,36.86,7152.07
2024-01-12,ITBEES,SELL,317.92,38.53,12246.4
2024-01-12,PHARMABEES,BUY,332.16,17.61,5852.19
2024-01-12,PSUBNKBEES,BUY,64.4,64.95,4184.04
2024-01-12,JUNIORBEES,BUY,3.89,581.24,2259.59
2024-01-19,PSUBNKBEES,SELL,42.61,65.96,2809.82
2024-01-19,ITBEES,SELL,86.81,39.2,3402.25
2024-01-19,PHARMABEES,BUY,139.13,17.65,2456.86
2024-01-19,JUNIORBEES,BUY,6.43,581.74,3740.25
2024-01-25,PSUBNKBEES,SELL,14.02,65.94,924.18
2024-01-25,PHARMABEES,SELL,232.88,17.79,4140.83
2024-01-25,PSUBNKBEES,BUY,0.0,65.96,0.0
2024-01-25,ITBEES,BUY,109.59,38.69,4241.08
2024-01-25,JUNIORBEES,BUY,1.47,579.21,853.09
2024-02-02,PSUBNKBEES,SELL,364.53,73.53,26794.21
2024-02-02,ITBEES,BUY,253.23,39.49,10002.39
2024-02-02,PHARMABEES,BUY,412.73,18.27,7544.32
2024-02-02,JUNIORBEES,BUY,15.4,595.04,9163.56
2024-02-09,PSUBNKBEES,SELL,86.07,76.93,6619.53
2024-02-09,PHARMABEES,SELL,117.14,18.92,2215.2
2024-02-09,ITBEES,BUY,173.05,40.01,6925.63
2024-02-09,PHARMABEES,BUY,0.0,18.92,0.0
2024-02-09,JUNIORBEES,BUY,3.24,610.76,1981.64
2024-02-16,PSUBNKBEES,SELL,49.45,79.23,3916.59
2024-02-16,PHARMABEES,BUY,114.53,19.21,2201.13
2024-02-16,ITBEES,BUY,31.72,40.71,1291.71
2024-02-16,JUNIORBEES,BUY,0.71,622.83,439.33
2024-02-23,JUNIORBEES,SELL,8.55,629.41,5380.18
2024-02-23,ITBEES,SELL,10537.93,40.29,424466.44
2024-02-23,PHARMABEES,SELL,175.54,19.38,3400.2
2024-02-23,PSUBNKBEES,BUY,53.2,78.57,4180.85
2024-02-23,PHARMABEES,BUY,0.0,19.38,0.0
2024-02-23,JUNIORBEES,BUY,0.0,629.67,0.0
2024-03-01,PSUBNKBEES,SELL,1.9,78.42,148.6
2024-03-01,JUNIORBEES,SELL,5.43,632.34,3435.67
2024-03-01,ITBEES,BUY,10759.13,39.82,428535.18
2024-03-01,PHARMABEES,BUY,212.75,19.16,4078.3
2024-03-01,JUNIORBEES,BUY,0.0,632.6,0.0
2024-03-07,PSUBNKBEES,SELL,120.39,81.4,9797.0
2024-03-07,JUNIORBEES,SELL,846.95,642.75,544213.51
2024-03-07,PHARMABEES,SELL,55.39,19.5,1079.64
2024-03-07,ITBEES,SELL,10759.13,39.34,423160.06
2024-03-07,GOLDBEES,BUY,9803.31,55.45,543767.07
2024-03-15,PSUBNKBEES,SELL,1905.56,75.05,142978.74
2024-03-15,PHARMABEES,SELL,22308.39,19.02,424093.51
2024-03-15,GOLDBEES,BUY,4085.0,55.74,227771.01
2024-03-15,SILVERBEES,BUY,3546.09,72.74,258036.41
2024-03-15,MAFANG,BUY,3123.12,82.6,258036.41
2024-03-22,GOLDBEES,SELL,4338.45,55.98,242788.16
2024-03-22,SILVERBEES,SELL,3546.09,72.46,256856.95
2024-03-22,MAFANG,SELL,3123.12,84.46,263709.45
2024-03-22,PSUBNKBEES,BUY,2178.2,76.18,165974.34
2024-03-22,BANKBEES,BUY,896.3,477.11,427757.4
2024-03-28,PSUBNKBEES,SELL,50.25,77.52,3894.75
2024-03-28,GOLDBEES,SELL,21.35,56.6,1208.21
2024-03-28,BANKBEES,BUY,1.98,480.49,954.01
2024-04-05,PSUBNKBEES,SELL,84.65,81.05,6859.45
2024-04-05,GOLDBEES,SELL,119.96,59.02,7077.51
2024-04-05,BANKBEES,BUY,2.35,493.43,1159.04
2024-04-05,PHARMABEES,BUY,22534.06,19.51,439859.41
2024-04-12,PSUBNKBEES,SELL,1511.43,79.83,120627.72
2024-04-12,BANKBEES,SELL,900.63,494.84,445536.0
2024-04-12,PHARMABEES,SELL,22534.06,19.14,431086.28
2024-04-12,AUTOBEES,BUY,1425.06,222.33,316935.05
2024-04-12,GOLDBEES,BUY,5946.34,61.92,368321.75
2024-04-12,MAFANG,BUY,3165.66,98.93,313271.87
2024-04-19,PSUBNKBEES,SELL,3969.13,76.8,304756.15
2024-04-19,AUTOBEES,BUY,293.56,219.21,64371.29
2024-04-19,GOLDBEES,BUY,2800.93,62.25,174417.01
2024-04-19,MAFANG,BUY,704.42,97.13,68440.89
2024-04-26,GOLDBEES,SELL,9189.83,61.32,563330.41
2024-04-26,MAFANG,SELL,3870.08,95.39,369060.02
2024-04-26,PSUBNKBEES,BUY,5364.0,81.99,439907.21
2024-04-26,BANKBEES,BUY,896.04,490.8,439907.21
2024-04-26,AUTOBEES,BUY,234.57,224.74,52734.66
2024-05-03,BANKBEES,SELL,896.04,498.64,446668.03
2024-05-03,PSUBNKBEES,BUY,1586.06,83.47,132423.22
2024-05-03,AUTOBEES,BUY,576.28,229.34,132202.28
2024-05-03,GOLDBEES,BUY,2987.09,60.49,180749.45
2024-05-10,AUTOBEES,SELL,911.64,231.56,211039.79
2024-05-10,PSUBNKBEES,SELL,6950.07,78.5,545446.36
2024-05-10,GOLDBEES,BUY,6198.19,61.93,383984.12
2024-05-10,MAFANG,BUY,3887.89,95.29,370584.51
2024-05-17,GOLDBEES,SELL,9220.81,61.95,571035.71
2024-05-17,MAFANG,SELL,3887.89,95.49,371146.73
2024-05-17,AUTOBEES,BUY,258.77,235.92,61066.91
2024-05-17,BANKBEES,BUY,900.04,491.68,442665.04
2024-05-17,PSUBNKBEES,BUY,5545.67,78.92,437771.83
2024-05-24,AUTOBEES,SELL,24.02,242.49,5822.29
2024-05-24,BANKBEES,SELL,3.76,501.22,1883.01
2024-05-24,PSUBNKBEES,SELL,70.08,82.04,5748.14
2024-05-24,AUTOBEES,BUY,0.0,242.59,0.0
2024-05-24,GOLDBEES,BUY,290.49,60.9,17696.62
2024-05-31,GOLDBEES,SELL,72.25,61.28,4426.07
2024-05-31,BANKBEES,SELL,3.59,502.4,1804.09
2024-05-31,PSUBNKBEES,SELL,21.07,82.22,1732.12
2024-05-31,AUTOBEES,BUY,33.88,237.79,8059.62
2024-06-07,AUTOBEES,SELL,93.4,253.72,23689.07
2024-06-07,BANKBEES,SELL,892.69,509.05,454288.06
2024-06-07,ITBEES,BUY,12134.5,37.49,455028.65
2024-06-07,PSUBNKBEES,BUY,165.13,80.99,13376.99
2024-06-07,GOLDBEES,BUY,156.35,61.1,9556.36
2024-06-14,GOLDBEES,SELL,9305.05,60.59,563604.03
2024-06-14,ITBEES,SELL,12134.5,37.01,448994.74
2024-06-14,AUTOBEES,BUY,499.06,261.61,130598.54
2024-06-14,PSUBNKBEES,BUY,1602.73,83.03,133109.21
2024-06-14,JUNIORBEES,BUY,969.55,764.55,741497.68
2024-06-21,AUTOBEES,SELL,519.23,255.16,132445.36
2024-06-21,PSUBNKBEES,SELL,7222.37,82.5,595691.74
2024-06-21,JUNIORBEES,SELL,969.55,757.43,734147.43
2024-06-21,BANKBEES,BUY,855.39,528.8,452463.33
2024-06-21,ITBEES,BUY,12033.98,37.59,452463.33
2024-06-21,GOLDBEES,BUY,9083.69,61.54,559199.26
2024-06-28,AUTOBEES,SELL,336.2,256.53,86217.93
2024-06-28,BANKBEES,SELL,169.18,537.09,90839.98
2024-06-28,ITBEES,SELL,2483.95,38.59,95832.71
2024-06-28,GOLDBEES,SELL,9083.69,60.62,550469.08
2024-06-28,PSUBNKBEES,BUY,4490.52,82.07,368631.12
2024-06-28,JUNIORBEES,BUY,598.58,761.19,455773.29
2024-07-05,AUTOBEES,SELL,1436.71,258.28,370959.81
2024-07-05,ITBEES,BUY,1949.64,40.25,78492.86
2024-07-05,BANKBEES,BUY,171.35,539.71,92508.07
2024-07-05,PSUBNKBEES,BUY,1160.22,81.91,95057.72
2024-07-05,JUNIORBEES,BUY,138.36,783.33,108409.88
2024-07-12,BANKBEES,SELL,155.78,535.4,83378.35
2024-07-12,ITBEES,SELL,2467.89,41.6,102637.65
2024-07-12,PSUBNKBEES,SELL,5650.73,80.47,454600.12
2024-07-12,JUNIORBEES,SELL,139.4,786.01,109538.35
2024-07-12,ITBEES,BUY,0.0,41.62,0.0
2024-07-12,AUTOBEES,BUY,1463.45,256.72,375812.37
2024-07-12,FMCGIETF,BUY,5938.25,62.57,371682.78
2024-07-19,BANKBEES,SELL,701.78,534.8,375203.6
2024-07-19,ITBEES,SELL,219.23,42.6,9336.77
2024-07-19,AUTOBEES,SELL,1463.45,254.85,372847.66
2024-07-19,FMCGIETF,SELL,60.92,63.88,3890.18
2024-07-19,PHARMABEES,BUY,18026.66,20.82,375502.71
2024-07-19,PSUBNKBEES,BUY,4606.22,81.5,375502.71
2024-07-19,JUNIORBEES,BUY,18.23,761.56,13886.89
2024-07-26,ITBEES,SELL,9.87,43.74,431.72
2024-07-26,JUNIORBEES,SELL,0.58,782.36,452.67
2024-07-26,FMCGIETF,SELL,9.33,65.62,611.87
2024-07-26,PHARMABEES,SELL,497.43,21.97,10923.1
2024-07-26,PSUBNKBEES,SELL,4606.22,80.86,372364.98
2024-07-26,AUTOBEES,BUY,1427.12,266.94,381075.36
2024-08-02,JUNIORBEES,SELL,4.76,782.71,3726.33
2024-08-02,PHARMABEES,SELL,416.12,22.34,9291.5
2024-08-02,ITBEES,BUY,173.68,42.6,7400.79
2024-08-02,AUTOBEES,BUY,26.61,263.03,7001.95
2024-08-02,FMCGIETF,BUY,37.67,64.74,2439.7
2024-08-09,FMCGIETF,SELL,65.43,65.16,4261.89
2024-08-09,PHARMABEES,SELL,301.76,22.64,6828.44
2024-08-09,ITBEES,BUY,122.52,41.84,5127.78
2024-08-09,AUTOBEES,BUY,12.85,259.57,3335.52
2024-08-09,JUNIORBEES,BUY,3.39,775.19,2625.16
2024-08-16,ITBEES,SELL,303.9,43.71,13279.69
2024-08-16,PHARMABEES,BUY,195.05,22.61,4412.31
2024-08-16,AUTOBEES,BUY,2.5,261.79,653.84
2024-08-16,FMCGIETF,BUY,64.46,65.13,4199.97
2024-08-16,JUNIORBEES,BUY,5.15,776.62,3999.68
2024-08-23,JUNIORBEES,SELL,4.54,794.36,3602.14
2024-08-23,FMCGIETF,SELL,31.97,66.49,2124.99
2024-08-23,PHARMABEES,SELL,48.64,23.03,1119.59
2024-08-23,PHARMABEES,BUY,0.0,23.03,0.0
2024-08-23,ITBEES,BUY,74.77,44.04,3293.91
2024-08-23,AUTOBEES,BUY,13.5,263.44,3557.29
2024-08-30,ITBEES,SELL,177.81,45.66,8116.39
2024-08-30,FMCGIETF,SELL,5872.74,66.12,388170.05
2024-08-30,PHARMABEES,SELL,236.55,23.74,5612.88
2024-08-30,BANKBEES,BUY,753.26,526.84,396961.45
2024-08-30,AUTOBEES,BUY,6.06,266.71,1617.43
2024-08-30,JUNIORBEES,BUY,4.14,801.96,3322.81
2024-09-06,JUNIORBEES,SELL,618.57,795.63,492001.88
2024-09-06,BANKBEES,SELL,753.26,520.43,391896.83
2024-09-06,ITBEES,BUY,2696.19,45.2,121901.95
2024-09-06,PHARMABEES,BUY,5140.76,23.54,121074.04
2024-09-06,AUTOBEES,BUY,485.91,260.68,126707.12
2024-09-06,PVTBANIETF,BUY,19954.99,25.51,509106.66
2024-09-13,ITBEES,SELL,2764.79,46.3,127973.55
2024-09-13,PHARMABEES,SELL,5166.84,23.92,123528.96
2024-09-13,AUTOBEES,SELL,1974.55,263.04,519225.6
2024-09-13,PVTBANIETF,SELL,19954.99,26.13,521362.56
2024-09-13,FMCGIETF,BUY,5843.18,68.32,399347.52
2024-09-13,BANKBEES,BUY,749.8,532.45,399347.52
2024-09-13,JUNIORBEES,BUY,613.34,804.45,493552.73
2024-09-20,PHARMABEES,SELL,16695.13,23.43,390971.35
2024-09-20,FMCGIETF,BUY,1288.38,69.13,89097.23
2024-09-20,BANKBEES,BUY,145.35,550.79,80078.96
2024-09-20,ITBEES,BUY,2311.12,45.09,104237.33
2024-09-20,JUNIORBEES,BUY,150.71,804.74,121317.78
2024-09-27,ITBEES,SELL,10934.47,45.33,495521.12
2024-09-27,JUNIORBEES,SELL,764.05,825.69,630684.57
2024-09-27,AUTOBEES,BUY,2501.15,281.98,705478.0
2024-09-27,FMCGIETF,BUY,3067.57,69.17,212259.14
2024-09-27,BANKBEES,BUY,375.06,553.34,207597.04
2024-10-04,FMCGIETF,SELL,10199.13,66.92,682286.53
2024-10-04,BANKBEES,SELL,1270.2,529.77,672718.29
2024-10-04,ITBEES,BUY,14909.82,45.29,675454.32
2024-10-04,PHARMABEES,BUY,28546.16,23.65,675454.32
2024-10-04,AUTOBEES,BUY,22.93,267.36,6131.19
2024-10-11,AUTOBEES,SELL,6.64,270.21,1793.59
2024-10-11,PHARMABEES,SELL,209.5,24.01,5027.64
2024-10-11,ITBEES,BUY,150.78,45.18,6814.33
2024-10-18,AUTOBEES,SELL,2517.44,257.18,647237.17
2024-10-18,ITBEES,SELL,8711.23,44.99,391809.42
2024-10-18,PHARMABEES,SELL,16336.58,23.81,388779.5
2024-10-18,ITBEES,BUY,0.0,45.01,0.0
2024-10-18,GOLDBEES,BUY,13144.17,65.19,857165.46
2024-10-18,SILVERBEES,BUY,3179.81,89.83,285721.82
2024-10-18,MAFANG,BUY,2933.39,96.16,282157.56
2024-10-25,SILVERBEES,SELL,3179.81,92.63,294462.38
2024-10-25,ITBEES,BUY,1088.44,44.9,48884.72
2024-10-25,PHARMABEES,BUY,2535.36,22.97,58266.35
2024-10-25,GOLDBEES,BUY,2159.94,65.46,141438.47
2024-10-25,MAFANG,BUY,496.16,97.19,48235.69
2024-11-01,PHARMABEES,SELL,78.16,23.36,1824.89
2024-11-01,GOLDBEES,SELL,164.15,66.91,10979.11
2024-11-01,ITBEES,BUY,283.16,43.75,12391.83
2024-11-01,MAFANG,BUY,9.06,98.23,890.41
2024-11-08,ITBEES,SELL,243.97,45.12,11004.87
2024-11-08,PHARMABEES,SELL,14457.28,22.92,331195.15
2024-11-08,MAFANG,SELL,221.86,104.88,23261.26
2024-11-08,BANKBEES,BUY,637.02,529.56,337437.61
2024-11-08,GOLDBEES,BUY,426.75,65.01,27752.34
2024-11-14,ITBEES,SELL,191.42,45.49,8705.27
2024-11-14,GOLDBEES,SELL,11990.13,61.78,740500.02
2024-11-14,MAFANG,BUY,1749.03,111.26,194658.96
2024-11-14,MON100,BUY,3158.22,174.88,552490.78
2024-11-14,BANKBEES,BUY,4.48,516.23,2312.52
2024-11-14,GOLDBEES,BUY,0.0,61.8,0.0
2024-11-22,ITBEES,SELL,105.42,46.44,4894.29
2024-11-22,MAFANG,SELL,1942.31,110.29,214149.13
2024-11-22,BANKBEES,SELL,6.12,524.81,3213.29
2024-11-22,MON100,SELL,3158.22,172.38,544236.31
2024-11-22,BANKBEES,BUY,0.0,525.02,0.0
2024-11-22,GOLDBEES,BUY,11609.86,65.34,758851.21
2024-11-29,ITBEES,SELL,28.64,46.45,1330.01
2024-11-29,MAFANG,SELL,41.95,111.42,4673.08
2024-11-29,BANKBEES,SELL,12.69,533.49,6770.51
2024-11-29,GOLDBEES,BUY,314.58,64.3,20234.38
2024-12-06,MAFANG,SELL,336.75,130.15,43815.92
2024-12-06,ITBEES,BUY,27.27,47.97,1308.45
2024-12-06,BANKBEES,BUY,3.19,550.22,1755.35
2024-12-06,GOLDBEES,BUY,633.33,64.0,40546.94
2024-12-06,MAFANG,BUY,0.0,130.21,0.0
2024-12-13,ITBEES,SELL,117.81,49.48,5827.36
2024-12-13,MAFANG,SELL,41.41,134.2,5555.88
2024-12-13,BANKBEES,SELL,625.87,548.82,343384.76
2024-12-13,GOLDBEES,BUY,91.37,64.62,5906.45
2024-12-20,GOLDBEES,SELL,12626.02,63.31,799080.13
2024-12-20,MAFANG,BUY,1716.6,131.91,226498.69
2024-12-20,MON100,BUY,2834.12,201.0,569829.4
2024-12-20,ITBEES,BUY,224.16,46.94,10525.22
2024-12-20,PHARMABEES,BUY,14749.63,22.91,338082.97
2024-12-20,GOLDBEES,BUY,0.0,63.33,0.0
2024-12-27,MAFANG,SELL,1744.4,138.09,240816.46
2024-12-27,MON100,SELL,2834.12,217.47,616140.98
2024-12-27,ITBEES,BUY,301.3,46.9,14134.79
2024-12-27,PHARMABEES,BUY,452.53,23.4,10594.48
2024-12-27,GOLDBEES,BUY,12877.64,64.22,827286.72
2024-12-27,MAFANG,BUY,0.0,138.15,0.0
2025-01-03,MAFANG,SELL,26.36,141.41,3726.82
2025-01-03,PHARMABEES,SELL,33.54,23.77,796.94
2025-01-03,ITBEES,BUY,71.92,47.09,3387.8
2025-01-03,PHARMABEES,BUY,0.0,23.77,0.0
2025-01-03,GOLDBEES,BUY,144.35,65.08,9397.47
2025-01-10,PHARMABEES,SELL,15168.61,22.77,345216.64
2025-01-10,ITBEES,BUY,1335.79,47.85,63935.93
2025-01-10,GOLDBEES,BUY,2957.28,65.94,195071.01
2025-01-10,MAFANG,BUY,633.15,134.91,85441.57
2025-01-17,ITBEES,SELL,1133.85,45.49,51564.38
2025-01-17,GOLDBEES,SELL,3483.36,66.65,232084.49
2025-01-17,MAFANG,SELL,539.39,135.29,72953.78
2025-01-17,PHARMABEES,BUY,15720.63,22.5,353891.03
2025-01-24,PHARMABEES,SELL,15720.63,22.33,350866.11
2025-01-24,ITBEES,BUY,1462.75,46.94,68681.08
2025-01-24,GOLDBEES,BUY,3272.64,67.78,221897.98
2025-01-24,MAFANG,BUY,447.12,141.36,63223.09
2025-01-31,GOLDBEES,SELL,401.37,69.07,27712.93
2025-01-31,ITBEES,BUY,179.54,45.97,8255.97
2025-01-31,MAFANG,BUY,147.48,134.86,19894.62
2025-02-07,ITBEES,SELL,2546.75,46.31,117906.6
2025-02-07,GOLDBEES,SELL,5455.76,71.53,390109.63
2025-02-07,MAFANG,SELL,960.55,141.47,135850.5
2025-02-07,BANKBEES,BUY,625.88,514.63,322194.88
2025-02-07,SILVERBEES,BUY,3434.65,92.75,318654.09
2025-02-07,MAFANG,BUY,0.0,141.53,0.0
2025-02-14,BANKBEES,SELL,625.88,504.46,315635.89
2025-02-14,ITBEES,BUY,1464.44,44.6,65332.06
2025-02-14,GOLDBEES,BUY,2085.74,72.23,150707.77
2025-02-14,SILVERBEES,BUY,529.75,94.73,50197.93
2025-02-14,MAFANG,BUY,367.35,141.76,52090.7
2025-02-21,ITBEES,SELL,1086.91,43.72,47507.0
2025-02-21,GOLDBEES,SELL,2249.66,72.07,162074.67
2025-02-21,MAFANG,SELL,406.62,143.28,58243.73
2025-02-21,SILVERBEES,SELL,555.0,94.04,52176.82
2025-02-21,BANKBEES,BUY,631.15,502.62,317323.1
2025-02-21,GOLDBEES,BUY,0.0,72.09,0.0
2025-02-28,ITBEES,SELL,7333.37,40.22,294874.14
2025-02-28,BANKBEES,BUY,90.95,496.82,45200.36
2025-02-28,GOLDBEES,BUY,1787.12,71.11,127127.48
2025-02-28,SILVERBEES,BUY,555.65,90.48,50289.58
2025-02-28,MAFANG,BUY,590.23,126.54,74707.4
2025-03-07,GOLDBEES,SELL,57.21,72.2,4128.97
2025-03-07,SILVERBEES,SELL,108.05,94.07,10161.42
2025-03-07,BANKBEES,BUY,6.04,498.5,3010.97
2025-03-07,MAFANG,BUY,95.98,124.09,11913.69
2025-03-13,GOLDBEES,SELL,254.83,72.81,18547.37
2025-03-13,SILVERBEES,SELL,78.14,95.19,7436.01
2025-03-13,BANKBEES,BUY,1.38,493.28,682.52
2025-03-13,MAFANG,BUY,219.98,114.37,25166.99
2025-03-21,GOLDBEES,SELL,1990.31,73.94,147109.96
2025-03-21,MAFANG,SELL,553.77,122.1,67592.73
2025-03-21,SILVERBEES,SELL,420.32,94.16,39566.12
2025-03-21,BANKBEES,SELL,729.52,518.0,377776.17
2025-03-28,BANKBEES,BUY,699.48,529.1,370201.07
2025-03-28,GOLDBEES,BUY,2142.74,74.17,158985.43
2025-03-28,SILVERBEES,BUY,434.28,97.62,42407.2
2025-03-28,MAFANG,BUY,502.71,119.51,60098.43
2025-04-04,GOLDBEES,SELL,406.76,74.97,30487.92
2025-04-04,BANKBEES,SELL,11.08,528.87,5856.25
2025-04-04,GOLDBEES,BUY,0.0,75.0,0.0
2025-04-04,SILVERBEES,BUY,265.78,89.74,23857.42
2025-04-04,MAFANG,BUY,114.15,113.52,12962.87
2025-04-11,GOLDBEES,SELL,444.73,77.88,34627.24
2025-04-11,SILVERBEES,SELL,0.48,90.35,43.42
2025-04-11,BANKBEES,SELL,688.4,522.74,359743.15
2025-04-11,PVTBANIETF,BUY,14374.48,25.51,366732.56
2025-04-11,MAFANG,BUY,260.56,105.64,27534.06
2025-04-17,MAFANG,SELL,168.64,115.68,19502.16
2025-04-17,PVTBANIETF,SELL,14374.48,27.22,391221.39
2025-04-17,BANKBEES,BUY,686.4,555.9,381684.44
2025-04-17,GOLDBEES,BUY,274.41,79.55,21834.84
2025-04-17,SILVERBEES,BUY,80.34,92.18,7407.57
2025-04-25,SILVERBEES,SELL,66.35,94.63,6276.87
2025-04-25,BANKBEES,BUY,2.41,559.66,1350.72
2025-04-25,GOLDBEES,BUY,50.39,80.05,4034.44
2025-04-25,MAFANG,BUY,8.21,116.56,956.87
2025-05-02,MAFANG,SELL,218.61,124.35,27175.36
2025-05-02,BANKBEES,SELL,7.38,563.58,4156.4
2025-05-02,GOLDBEES,BUY,254.0,78.4,19918.84
2025-05-02,SILVERBEES,BUY,123.5,91.54,11308.36
2025-05-09,GOLDBEES,SELL,261.35,80.78,21106.57
2025-05-09,SILVERBEES,SELL,14.86,93.01,1381.85
2025-05-09,BANKBEES,BUY,26.83,549.24,14738.97
2025-05-09,MAFANG,BUY,63.07,123.4,7785.04
2025-05-16,GOLDBEES,SELL,14440.66,77.76,1122632.72
2025-05-16,MAFANG,SELL,3151.57,137.53,433313.84
2025-05-16,SILVERBEES,SELL,4180.75,92.25,385564.8
2025-05-16,BANKBEES,BUY,562.43,567.71,319397.03
2025-05-16,ITBEES,BUY,17535.16,41.13,721406.27
2025-05-16,JUNIORBEES,BUY,1240.93,718.42,891778.84
2025-05-23,ITBEES,SELL,17535.16,40.47,709468.28
2025-05-23,JUNIORBEES,SELL,1240.93,717.66,890292.03
2025-05-23,BANKBEES,BUY,2802.86,568.06,1592680.49
2025-05-30,BANKBEES,SELL,2811.5,571.99,1607655.6
2025-05-30,PSUBNKBEES,BUY,9240.21,78.12,722021.07
2025-05-30,BANKBEES,BUY,0.0,572.21,0.0
2025-05-30,GOLDBEES,BUY,11224.79,79.51,892704.98
2025-06-06,BANKBEES,SELL,0.46,581.82,268.88
2025-06-06,PSUBNKBEES,BUY,42.5,79.11,3362.78
2025-06-06,GOLDBEES,BUY,72.16,81.25,5864.09
2025-06-13,GOLDBEES,SELL,304.6,83.11,25308.82
2025-06-13,PSUBNKBEES,BUY,159.67,77.44,12368.06
2025-06-13,BANKBEES,BUY,22.6,569.25,12869.98
2025-06-20,BANKBEES,SELL,697.69,576.61,402180.17
2025-06-20,PSUBNKBEES,SELL,5025.41,76.56,384653.3
2025-06-20,BANKBEES,BUY,0.0,576.85,0.0
2025-06-20,GOLDBEES,BUY,1347.42,82.25,110853.94
2025-06-20,SILVERBEES,BUY,3272.5,103.33,338251.54
2025-06-20,MAFANG,BUY,2468.71,135.45,334479.4
2025-06-27,GOLDBEES,SELL,12339.77,79.79,984344.54
2025-06-27,SILVERBEES,SELL,3272.5,101.64,332516.52
2025-06-27,MAFANG,SELL,2468.71,138.41,341596.83
2025-06-27,BANKBEES,BUY,1407.13,590.73,831480.9
2025-06-27,PSUBNKBEES,BUY,10468.1,78.51,822052.02
2025-07-04,PSUBNKBEES,SELL,58.34,79.69,4647.9
2025-07-04,BANKBEES,BUY,21.86,586.43,12821.94
2025-07-11,BANKBEES,SELL,14.44,583.8,8425.13
2025-07-11,PSUBNKBEES,BUY,108.2,78.25,8469.1
2025-07-18,PSUBNKBEES,SELL,190.35,79.83,15191.57
2025-07-18,PSUBNKBEES,BUY,0.0,79.87,0.0
2025-07-18,BANKBEES,BUY,26.03,580.85,15124.35
2025-07-25,BANKBEES,SELL,691.32,581.86,402132.24
2025-07-25,PSUBNKBEES,SELL,4797.21,78.13,374714.27
2025-07-25,PHARMABEES,BUY,33168.45,23.18,769229.29
2025-08-01,BANKBEES,SELL,114.27,573.62,65527.66
2025-08-01,PSUBNKBEES,SELL,692.13,75.7,52382.15
2025-08-01,PHARMABEES,SELL,33168.45,22.62,749895.35
2025-08-01,JUNIORBEES,BUY,1218.2,711.34,866819.39
2025-08-08,BANKBEES,SELL,1221.49,567.48,692960.84
2025-08-08,PSUBNKBEES,SELL,4325.44,76.73,331811.49
2025-08-08,JUNIORBEES,SELL,1218.2,703.99,857344.53
2025-08-08,GOLDBEES,BUY,13448.57,84.38,1135088.42
2025-08-08,SILVERBEES,BUY,3407.89,110.99,378362.81
2025-08-08,MAFANG,BUY,2368.47,157.71,373647.18
2025-08-14,GOLDBEES,SELL,13448.57,83.12,1117554.73
2025-08-14,SILVERBEES,SELL,3407.89,110.81,377507.73
2025-08-14,MAFANG,SELL,2368.47,160.17,379239.25
2025-08-14,PSUBNKBEES,BUY,1865.63,78.46,146413.48
2025-08-14,AUTOBEES,BUY,2155.24,247.28,533107.68
2025-08-14,JUNIORBEES,BUY,931.23,715.38,666384.6
2025-08-22,JUNIORBEES,SELL,931.23,725.07,675007.48
2025-08-22,AUTOBEES,BUY,796.33,259.3,206552.53
2025-08-22,BANKBEES,BUY,1341.84,570.16,765299.76
2025-08-22,PSUBNKBEES,BUY,2987.63,77.96,232972.11
2025-08-29,PSUBNKBEES,SELL,9783.07,75.19,735416.75
2025-08-29,AUTOBEES,SELL,1702.8,256.06,435885.42
2025-08-29,BANKBEES,SELL,1341.84,554.88,744336.73
2025-08-29,AUTOBEES,BUY,0.0,256.16,0.0
2025-08-29,FMCGIETF,BUY,5328.64,60.0,319825.06
2025-08-29,GOLDBEES,BUY,11237.35,85.36,959475.17
2025-08-29,SILVERBEES,BUY,2814.45,113.6,319825.06
2025-08-29,MAFANG,BUY,1995.7,158.13,315678.2
2025-09-05,FMCGIETF,SELL,5328.64,60.19,320623.81
2025-09-05,AUTOBEES,BUY,174.65,271.01,47345.58
2025-09-05,GOLDBEES,BUY,1814.7,88.67,160953.86
2025-09-05,SILVERBEES,BUY,426.37,119.03,50767.39
2025-09-05,MAFANG,BUY,398.55,160.78,64098.2
2025-09-12,SILVERBEES,SELL,27.12,123.64,3351.61
2025-09-12,MAFANG,SELL,6.28,166.39,1043.84
2025-09-12,AUTOBEES,BUY,14.31,276.47,3957.12
2025-09-12,GOLDBEES,BUY,11.77,91.28,1074.94
2025-09-12,SILVERBEES,BUY,0.0,123.68,0.0
2025-09-19,AUTOBEES,SELL,218.86,280.29,61326.04
2025-09-19,GOLDBEES,SELL,1834.38,91.27,167376.65
2025-09-19,SILVERBEES,SELL,450.16,123.63,55634.05
2025-09-19,MAFANG,SELL,342.53,167.03,57193.71
2025-09-19,AUTOBEES,BUY,0.0,280.41,0.0
2025-09-19,PSUBNKBEES,BUY,4102.41,82.4,338125.9
2025-09-19,GOLDBEES,BUY,0.0,91.31,0.0
2025-09-26,GOLDBEES,SELL,137.7,94.2,12967.66
2025-09-26,SILVERBEES,SELL,144.53,132.98,19214.42
2025-09-26,PSUBNKBEES,BUY,198.69,81.01,16100.34
2025-09-26,AUTOBEES,BUY,62.99,271.8,17125.06
2025-09-26,MAFANG,BUY,13.88,169.17,2348.37
2025-10-03,GOLDBEES,SELL,15.9,97.05,1542.91
2025-10-03,SILVERBEES,SELL,54.78,139.73,7651.91
2025-10-03,PSUBNKBEES,SELL,67.97,84.64,5751.57
2025-10-03,AUTOBEES,BUY,20.09,275.32,5531.8
2025-10-03,MAFANG,BUY,55.12,169.47,9343.93
2025-10-10,AUTOBEES,SELL,1301.95,274.69,357518.82
2025-10-10,GOLDBEES,SELL,31.47,100.65,3166.48
2025-10-10,SILVERBEES,SELL,156.41,153.89,24062.55
2025-10-10,PSUBNKBEES,BUY,84.8,85.85,7282.23
2025-10-10,BANKBEES,BUY,633.23,585.1,370612.44
2025-10-10,MAFANG,BUY,39.99,171.93,6878.09
2025-10-17,GOLDBEES,SELL,393.32,108.09,42500.77
2025-10-17,SILVERBEES,SELL,17.86,160.57,2866.81
2025-10-17,PSUBNKBEES,BUY,190.17,85.16,16199.08
2025-10-17,BANKBEES,BUY,11.89,595.09,7075.35
2025-10-17,MAFANG,BUY,130.64,167.89,21940.99
2025-10-31,MAFANG,SELL,198.39,178.74,35450.53
2025-10-31,PSUBNKBEES,SELL,420.7,91.25,38377.9
2025-10-31,BANKBEES,SELL,20.64,597.27,12322.01
2025-10-31,GOLDBEES,BUY,538.18,100.04,53855.57
2025-10-31,SILVERBEES,BUY,225.84,142.5,32191.33
2025-11-07,GOLDBEES,SELL,7.97,99.92,795.83
2025-11-07,PSUBNKBEES,SELL,86.07,93.07,8007.82
2025-11-07,BANKBEES,SELL,1.87,598.14,1115.48
2025-11-07,BANKBEES,BUY,0.0,598.38,0.0
2025-11-07,SILVERBEES,BUY,6.4,142.08,910.24
2025-11-07,MAFANG,BUY,53.07,174.06,9240.72
2025-11-14,BANKBEES,SELL,622.61,603.17,375429.19
2025-11-14,PSUBNKBEES,BUY,776.59,93.74,72818.34
2025-11-14,GOLDBEES,BUY,1759.51,103.83,182746.19
2025-11-14,SILVERBEES,BUY,299.63,153.29,45944.72
2025-11-14,MAFANG,BUY,419.43,174.64,73273.15
2025-11-21,GOLDBEES,SELL,139.62,101.98,14233.93
2025-11-21,SILVERBEES,SELL,2921.84,144.66,422549.97
2025-11-21,PSUBNKBEES,SELL,108.49,93.19,10106.84
2025-11-21,AUTOBEES,BUY,1541.65,282.24,435239.4
2025-11-21,MAFANG,BUY,74.25,165.17,12267.56
2025-11-28,GOLDBEES,SELL,1821.03,104.6,190420.64
2025-11-28,MAFANG,SELL,427.59,173.56,74187.46
2025-11-28,PSUBNKBEES,SELL,639.2,94.99,60700.27
2025-11-28,AUTOBEES,SELL,200.72,285.5,57290.15
2025-11-28,SILVERBEES,BUY,2415.68,156.8,378895.2
2025-11-28,MAFANG,BUY,0.0,173.62,0.0
2025-12-05,PSUBNKBEES,SELL,4030.25,93.42,376398.04
2025-12-05,SILVERBEES,SELL,2415.68,170.15,410894.47
2025-12-05,AUTOBEES,BUY,248.82,287.2,71481.16
2025-12-05,BANKBEES,BUY,740.7,616.14,456513.64
2025-12-05,GOLDBEES,BUY,1831.57,106.91,195874.67
2025-12-05,MAFANG,BUY,377.47,176.33,66577.75
2025-12-12,GOLDBEES,SELL,182.47,109.59,19990.28
2025-12-12,AUTOBEES,BUY,23.53,286.08,6732.83
2025-12-12,BANKBEES,BUY,11.86,613.26,7277.98
2025-12-12,MAFANG,BUY,37.39,176.08,6585.44
2025-12-19,GOLDBEES,SELL,1955.13,109.8,214604.98
2025-12-19,AUTOBEES,SELL,236.2,283.69,66987.76
2025-12-19,BANKBEES,SELL,111.69,609.58,68065.33
2025-12-19,GOLDBEES,BUY,0.0,109.84,0.0
2025-12-19,SILVERBEES,BUY,1797.12,192.6,346227.34
2025-12-26,GOLDBEES,SELL,2.0,114.29,228.25
2025-12-26,MAFANG,SELL,232.07,170.21,39487.61
2025-12-26,AUTOBEES,SELL,1377.07,284.43,391566.62
2025-12-26,BANKBEES,SELL,640.87,608.17,389640.57
2025-12-26,METAL,BUY,37459.87,10.85,406642.91
2025-12-26,SILVERBEES,BUY,52.49,219.89,11545.11
2025-12-26,MAFANG,BUY,0.0,170.27,0.0
2026-01-02,SILVERBEES,SELL,20.6,221.83,4567.67
2026-01-02,METAL,SELL,2111.14,11.48,24223.82
2026-01-02,PSUBNKBEES,BUY,4172.84,97.22,405803.38
2026-01-02,GOLDBEES,BUY,215.01,111.84,24054.94
2026-01-02,MAFANG,BUY,30.47,167.75,5113.81
2026-01-09,GOLDBEES,SELL,103.49,113.59,11751.76
2026-01-09,SILVERBEES,SELL,56.32,230.32,12967.37
2026-01-09,PSUBNKBEES,BUY,98.82,95.62,9452.17
2026-01-09,METAL,BUY,1276.3,11.15,14237.84
2026-01-09,MAFANG,BUY,6.35,168.39,1069.97
2026-01-16,SILVERBEES,SELL,1772.7,269.39,477396.63
2026-01-16,METAL,SELL,36625.03,11.66,426834.3
2026-01-16,PSUBNKBEES,BUY,1724.6,100.49,173356.88
2026-01-16,GOLDBEES,BUY,4561.29,117.8,537497.83
2026-01-16,MAFANG,BUY,1135.65,168.53,191453.17
2026-01-23,GOLDBEES,SELL,3089.68,127.39,393490.36
2026-01-23,MAFANG,SELL,365.78,162.87,59556.29
2026-01-23,PSUBNKBEES,SELL,668.52,97.68,65281.28
2026-01-23,PSUBNKBEES,BUY,0.0,97.72,0.0
2026-01-23,ITBEES,BUY,12222.26,42.13,515059.18
2026-01-30,GOLDBEES,SELL,55.43,131.09,7264.27
2026-01-30,MAFANG,SELL,34.44,168.66,5806.0
2026-01-30,PSUBNKBEES,SELL,23.2,100.5,2330.93
2026-01-30,ITBEES,SELL,12222.26,41.93,512345.42
2026-01-30,PSUBNKBEES,BUY,0.0,100.54,0.0
2026-01-30,BANKBEES,BUY,856.47,615.85,527619.75
2026-02-06,PSUBNKBEES,SELL,103.36,98.75,10204.18
2026-02-06,BANKBEES,SELL,856.47,619.67,530567.88
2026-02-06,METAL,BUY,42824.37,11.99,513720.97
2026-02-06,GOLDBEES,BUY,125.48,125.07,15698.07
2026-02-06,MAFANG,BUY,105.04,157.19,16515.68
2026-02-13,GOLDBEES,SELL,8.76,126.07,1104.18
2026-02-13,PSUBNKBEES,SELL,118.67,101.84,12081.57
2026-02-13,METAL,SELL,42824.37,11.94,511067.3
2026-02-13,BANKBEES,BUY,831.31,622.57,517705.04
2026-02-13,MAFANG,BUY,42.49,156.41,6647.69
2026-02-20,BANKBEES,SELL,831.31,631.09,524474.42
2026-02-20,PSUBNKBEES,BUY,777.65,107.54,83654.47
2026-02-20,GOLDBEES,BUY,2504.07,127.57,319528.63
2026-02-20,MAFANG,BUY,781.29,153.73,120144.88
2026-02-27,GOLDBEES,SELL,2557.61,131.57,336412.96
2026-02-27,MAFANG,SELL,632.32,155.56,98334.15
2026-02-27,PSUBNKBEES,SELL,932.2,109.14,101707.76
2026-02-27,METAL,BUY,43218.98,12.31,532291.77
2026-03-06,GOLDBEES,SELL,34.65,130.79,4531.19
2026-03-06,PSUBNKBEES,BUY,95.85,102.3,9808.79
2026-03-06,METAL,BUY,8.13,12.06,98.09
2026-03-13,PSUBNKBEES,SELL,5023.82,94.68,475517.83
2026-03-13,METAL,SELL,43227.11,11.34,489950.37
2026-03-13,PHARMABEES,BUY,26648.1,23.41,624144.05
2026-03-13,GOLDBEES,BUY,2138.54,130.35,278834.53
2026-03-13,MAFANG,BUY,380.97,162.34,61865.71
2026-03-20,GOLDBEES,SELL,2104.88,121.04,254689.35
2026-03-20,MAFANG,SELL,728.68,159.09,115890.1
2026-03-20,PHARMABEES,SELL,5319.96,23.2,123361.42
2026-03-20,PHARMABEES,BUY,0.0,23.2,0.0
2026-03-20,METAL,BUY,42702.91,11.46,489620.11
2026-03-27,GOLDBEES,SELL,9513.45,117.51,1117556.75
2026-03-27,PHARMABEES,SELL,424.05,23.18,9824.5
2026-03-27,MAFANG,BUY,2051.95,156.46,321146.96
2026-03-27,MON100,BUY,3483.33,231.78,807594.74
2026-03-27,PHARMABEES,BUY,0.0,23.18,0.0
2026-03-27,METAL,BUY,315.34,11.25,3549.35
2026-03-27,GOLDBEES,BUY,0.0,117.55,0.0
2026-04-02,GOLDBEES,SELL,50.37,120.56,6070.49
2026-04-02,METAL,SELL,728.72,11.54,8405.19
2026-04-02,MON100,SELL,86.79,239.42,20772.91
2026-04-02,MAFANG,BUY,101.82,154.56,15741.55
2026-04-02,MON100,BUY,0.0,239.52,0.0
2026-04-02,PHARMABEES,BUY,862.91,22.41,19347.46
2026-04-02,METAL,BUY,0.0,11.54,0.0
2026-04-10,MAFANG,SELL,2073.24,160.24,332111.64
2026-04-10,PHARMABEES,SELL,21767.0,22.73,494516.56
2026-04-10,METAL,SELL,1122.44,12.42,13933.75
2026-04-10,MON100,SELL,3396.54,256.33,870368.78
2026-04-10,PSUBNKBEES,BUY,5242.51,97.5,511295.28
2026-04-10,GOLDBEES,BUY,9614.05,123.51,1187832.57
2026-04-10,MAFANG,BUY,0.0,160.3,0.0
2026-04-17,GOLDBEES,SELL,12312.24,124.78,1535798.86
2026-04-17,MAFANG,SELL,3190.21,175.46,559602.29
2026-04-17,METAL,BUY,40045.07,12.96,519243.71
2026-04-17,PSUBNKBEES,BUY,5443.87,98.51,536434.63
2026-04-17,PHARMABEES,BUY,45012.26,23.12,1041203.91
2026-04-24,METAL,SELL,23521.07,12.83,301624.52
2026-04-24,PSUBNKBEES,SELL,3142.79,98.1,308216.31
2026-04-24,PHARMABEES,SELL,13121.83,23.21,304405.5
2026-04-24,GOLDBEES,BUY,7383.07,123.96,915515.91
2026-05-01,GOLDBEES,SELL,7383.07,123.41,910837.27
2026-05-01,PSUBNKBEES,BUY,3296.99,94.56,311853.15
2026-05-08,PHARMABEES,BUY,10700.3,24.78,265286.06
2026-05-08,METAL,BUY,22749.57,13.12,298623.67
2026-05-08,PSUBNKBEES,BUY,474.91,93.3,44322.02
